{"pos":[-143.55571,261.532745,31.022747],"rotationMatrix":[0.29812336,0.954400599,-0.0155531988,-0.954516113,0.29815942,-8.4284693e-08,0.00463725114,0.0148458034,0.999879062],"scale":1,"type":"barrier_concrete1"}
{"pos":[-148.219391,246.375397,31.3509483],"rotationMatrix":[0.284541368,0.958405256,-0.0222599953,-0.95864284,0.284611881,8.66129994e-08,0.00633554067,0.0213393606,0.999752223],"scale":1,"type":"barrier_concrete1"}
{"pos":[-152.400665,231.080612,31.723999],"rotationMatrix":[0.233842254,0.971972108,-0.0242494456,-0.972257972,0.233911037,2.12341547e-07,0.00567242038,0.0235766694,0.999705911],"scale":1,"type":"barrier_concrete1"}
{"pos":[-154.787567,215.437851,31.9455242],"rotationMatrix":[0.00833487511,0.999955833,-0.0043386668,-0.99996525,0.00833499432,1.97673216e-07,3.63599975e-05,0.00433851499,0.999990582],"scale":1,"type":"barrier_concrete1"}
{"pos":[-152.428101,199.810898,31.983305],"rotationMatrix":[-0.281027913,0.959699571,0.000261977024,-0.959699571,-0.281027913,5.13391569e-08,7.3672134e-05,-0.000251404796,0.99999994],"scale":1,"type":"barrier_concrete1"}
{"pos":[-141.203506,269.105652,30.8811531],"rotationMatrix":[-0.296178341,-0.954957545,0.018285064,0.955117285,-0.296227813,-5.12227416e-08,0.00541659445,0.0174643658,0.999832809],"scale":0.99999994,"type":"barrier_concrete1"}
{"pos":[-145.915329,253.962219,31.1693306],"rotationMatrix":[-0.295289278,-0.955133438,0.022898633,0.955383897,-0.295366764,6.51925802e-09,0.00676348805,0.0218769871,0.999737799],"scale":1,"type":"barrier_concrete1"}
{"pos":[-150.407806,238.754364,31.5271244],"rotationMatrix":[-0.265719652,-0.963755429,0.0238443688,0.964029491,-0.265795112,-9.406358e-08,0.00633780845,0.0229866505,0.999715686],"scale":1,"type":"barrier_concrete1"}
{"pos":[-154.040405,223.323792,31.880043],"rotationMatrix":[-0.171481609,-0.985092938,0.0136402268,0.98518461,-0.171497583,-1.1920929e-07,0.00233938219,0.0134381205,0.999906957],"scale":1,"type":"barrier_concrete1"}
{"pos":[-154.188431,207.538498,31.9791107],"rotationMatrix":[0.15515089,-0.987884283,0.00359015563,0.987890601,0.155151844,-9.7672455e-08,-0.000556922751,0.00354669616,0.999993563],"scale":1,"type":"barrier_concrete1"}
{"pos":[-149.855164,192.311203,32.0000992],"rotationMatrix":[0.360333741,-0.932816744,0.0035405145,0.932822585,0.360336006,-1.36205927e-08,-0.00127576233,0.00330267707,0.999993742],"scale":0.99999994,"type":"barrier_concrete1"}
{"pos":[-198.459351,379.886749,27.8574409],"rotationMatrix":[-0.896557331,0.442795157,0.0108265588,-0.442821085,-0.896609902,1.88592821e-08,0.00970720965,-0.00479421206,0.999941409],"scale":1,"type":"barrier_concrete1"}
{"pos":[-184.10022,372.794373,27.7945061],"rotationMatrix":[-0.896572709,0.442865759,-0.00521349395,-0.442871779,-0.896584868,6.03031367e-08,-0.00467431312,0.00230896333,0.99998641],"scale":1,"type":"barrier_concrete1"}
{"pos":[-169.74408,365.703064,28.1119213],"rotationMatrix":[-0.896305919,0.442698807,-0.02556834,-0.442843586,-0.896599054,4.61004674e-08,-0.0229245238,0.011322815,0.999673069],"scale":1,"type":"barrier_concrete1"}
{"pos":[-155.393127,358.614258,28.649826],"rotationMatrix":[-0.895844817,0.442506462,-0.040620409,-0.442871958,-0.896584868,-7.63684511e-08,-0.0364196748,0.0179895721,0.999174654],"scale":0.99999994,"type":"barrier_concrete1"}
{"pos":[-191.279816,376.340668,27.7945595],"rotationMatrix":[0.896598458,-0.442826182,-0.00402309373,0.442829758,0.89660573,3.05008143e-08,0.00360711548,-0.00178157317,0.999991894],"scale":1,"type":"barrier_concrete1"}
{"pos":[-176.921478,369.248352,27.9128036],"rotationMatrix":[0.896371543,-0.442795753,0.021213267,0.442895412,0.896573305,4.47034836e-08,-0.0190192685,0.00939521752,0.999774992],"scale":1,"type":"barrier_concrete1"}
{"pos":[-162.567566,362.158203,28.3467503],"rotationMatrix":[0.895949483,-0.442621529,0.0368874297,0.44292295,0.896559656,6.51925802e-08,-0.0330718085,0.016338231,0.999319434],"scale":1.00000012,"type":"barrier_concrete1"}
{"pos":[-148.220566,355.071381,29.0056171],"rotationMatrix":[0.895619869,-0.442418545,0.0461611748,0.442890674,0.89657563,4.65661287e-08,-0.0413870066,0.0204443131,0.998934031],"scale":1,"type":"barrier_concrete1"}
{"pos":[-201.948074,388.543518,28.0942688],"rotationMatrix":[0.999985576,-0.00309621985,0.00438744109,0.00309624919,0.999995232,8.99462975e-08,-0.0043874206,1.34946667e-05,0.999990404],"scale":1,"type":"barrier_concrete1"}
{"pos":[-217.906738,388.593781,28.1870346],"rotationMatrix":[0.999873042,-0.00319265784,-0.0156117072,0.00319304806,0.999994874,6.8313966e-08,0.0156116271,-4.9917242e-05,0.999878109],"scale":1,"type":"barrier_concrete1"}
{"pos":[-233.861755,388.643524,28.5451641],"rotationMatrix":[0.999578655,-0.00319267134,-0.0288504288,0.00319400174,0.999994874,2.88600859e-08,0.0288502797,-9.21771571e-05,0.999583721],"scale":1,"type":"barrier_concrete1"}
{"pos":[-209.927612,388.568787,28.1032333],"rotationMatrix":[-0.999984741,0.00310805091,0.00454549165,-0.00310808304,-0.999995112,2.43990144e-08,0.00454547023,-1.41033679e-05,0.999989688],"scale":1,"type":"barrier_concrete1"}
{"pos":[-225.884766,388.618896,28.3432426],"rotationMatrix":[-0.99972105,0.00309340633,0.0234194249,-0.00309425895,-0.999995351,-1.77667971e-07,0.0234193131,-7.26433791e-05,0.999725699],"scale":1,"type":"barrier_concrete1"}
{"pos":[-241.837219,388.668823,28.802042],"rotationMatrix":[-0.999388456,0.00319507439,0.0348195694,-0.00319701619,-0.999994874,-8.84610927e-08,0.0348193906,-0.000111407127,0.999393642],"scale":1,"type":"barrier_concrete1"}
{"pos":[-179.102158,218.348709,31.980463],"rotationMatrix":[-0.301635027,0.953197658,-0.0207494646,-0.953402936,-0.301699877,-4.47034836e-08,-0.00626015523,0.019782586,0.999784708],"scale":1.00000012,"type":"barrier_concrete1"}
{"pos":[-183.964294,233.712997,31.3060112],"rotationMatrix":[-0.30147326,0.952659011,-0.0394279361,-0.953400373,-0.301707864,2.98023224e-08,-0.0118956948,0.0375906192,0.999222398],"scale":1,"type":"barrier_concrete1"}
{"pos":[-188.828461,249.083694,30.8165131],"rotationMatrix":[-0.301434994,0.952556312,-0.0421103537,-0.953401983,-0.301702619,-1.56462193e-07,-0.0127049563,0.0401480533,0.999112964],"scale":0.99999994,"type":"barrier_concrete1"}
{"pos":[-181.533508,226.031769,31.6687832],"rotationMatrix":[0.301367879,-0.952268958,0.0485927239,0.953395247,0.301724315,1.17346644e-07,-0.01466172,0.046328038,0.998818696],"scale":1.00000012,"type":"barrier_concrete1"}
{"pos":[-186.396423,241.398438,31.063818],"rotationMatrix":[0.301635563,-0.95315963,0.0224227421,0.95339936,0.30171138,-2.23517418e-08,-0.00676517654,0.0213778336,0.999748588],"scale":1.00000012,"type":"barrier_concrete1"}
{"pos":[-191.259933,256.767059,30.5084457],"rotationMatrix":[0.301568508,-0.952950239,0.0306975693,0.953399539,0.301710665,1.06170774e-07,-0.00926188659,0.0292670168,0.999528706],"scale":1,"type":"barrier_concrete1"}
{"pos":[-199.747269,285.274475,29.5216732],"rotationMatrix":[-0.286080956,-0.958132267,-0.011842072,0.958199501,-0.286100984,-1.08033419e-07,-0.00338792568,-0.0113470983,0.999929905],"scale":1,"type":"barrier_concrete1"}
{"pos":[-204.271164,270.123444,29.1695518],"rotationMatrix":[-0.285994291,-0.957737088,-0.0307753738,0.958190918,-0.286129832,2.79396772e-09,-0.00880575366,-0.0294886827,0.999526322],"scale":1,"type":"barrier_concrete1"}
{"pos":[-197.484818,292.851685,29.5931015],"rotationMatrix":[0.286101758,0.958179951,0.00607770123,-0.958197594,0.286107004,7.40401447e-08,-0.0017388023,-0.00582366064,0.999981523],"scale":1,"type":"barrier_concrete1"}
{"pos":[-202.00946,277.698181,29.3842907],"rotationMatrix":[0.286041915,0.957940817,0.0230104327,-0.958194494,0.286117673,-1.86264515e-08,-0.00658371206,-0.022048464,0.999735236],"scale":1,"type":"barrier_concrete1"}
{"pos":[-206.532867,262.548553,28.9619236],"rotationMatrix":[0.286058903,0.957894623,0.024663575,-0.95818609,0.286145926,2.70083547e-08,-0.00705735758,-0.0236322992,0.999695837],"scale":1,"type":"barrier_concrete1"}
{"pos":[-215.564697,350.259674,27.7496834],