{"pos":[-142.378006,265.318787,30.9572601],"rotationMatrix":[0.296192646,0.954940856,-0.0189168155,-0.955111802,0.296245694,-6.89178705e-08,0.00560395932,0.0180676933,0.999821067],"scale":1,"type":"barrier_concrete2"}
{"pos":[-147.078033,250.172043,31.2607956],"rotationMatrix":[0.290807188,0.956503689,-0.0230606161,-0.956758082,0.290884554,5.0291419e-08,0.006708025,0.0220634174,0.999734044],"scale":1,"type":"barrier_concrete2"}
{"pos":[-151.435532,234.925598,31.6244621],"rotationMatrix":[0.25200516,0.967400789,-0.0250817984,-0.96770525,0.252084434,6.14672899e-08,0.00632278901,0.0242717732,0.999685407],"scale":1,"type":"barrier_concrete2"}
{"pos":[-154.582245,219.396759,31.9215031],"rotationMatrix":[0.0951143503,0.995434105,-0.00801208895,-0.995466053,0.0951173902,2.65892595e-07,0.000762353884,0.00797573663,0.999967873],"scale":1,"type":"barrier_concrete2"}
{"pos":[-153.433228,203.646362,31.9850349],"rotationMatrix":[-0.22389102,0.974614203,0.000109110842,-0.974614203,-0.22389102,1.50506821e-07,2.45756273e-05,-0.00010630727,1],"scale":1,"type":"barrier_concrete2"}
{"pos":[-148.375671,188.632126,32.0099449],"rotationMatrix":[-0.383642912,0.923480928,-0.000970531255,-0.923481405,-0.38364315,4.30154614e-08,-0.000372297975,0.000896284066,0.999999523],"scale":1,"type":"barrier_concrete2"}
{"pos":[-140.028976,272.892639,30.8114548],"rotationMatrix":[-0.296202779,-0.954969168,0.0172527246,0.955111384,-0.296246886,-5.21540642e-08,0.00511111598,0.0164782573,0.999851167],"scale":1,"type":"barrier_concrete2"}
{"pos":[-144.738495,257.74826,31.087944],"rotationMatrix":[-0.297906399,-0.954425991,0.0179688614,0.954580128,-0.297954559,-1.3038516e-07,0.0053540268,0.0171526782,0.999838531],"scale":0.99999994,"type":"barrier_concrete2"}
{"pos":[-149.332153,242.570129,31.4366264],"rotationMatrix":[-0.276322722,-0.960821271,0.0216363445,0.961046219,-0.276387453,7.4505806e-09,0.00598000828,0.0207935311,0.999765933],"scale":0.99999994,"type":"barrier_concrete2"}
{"pos":[-153.281113,227.215149,31.8123131],"rotationMatrix":[-0.208728552,-0.9777686,0.0200270936,0.977964699,-0.208770394,1.3038516e-08,0.00418104883,0.019585792,0.99979943],"scale":1,"type":"barrier_concrete2"}
{"pos":[-154.650757,211.475891,31.9611359],"rotationMatrix":[0.0766077638,-0.997050345,0.00467313128,0.997061193,0.0766085982,5.28525561e-08,-0.000358054414,0.0046593938,0.999989092],"scale":1,"type":"barrier_concrete2"}
{"pos":[-151.220093,196.034195,31.9868088],"rotationMatrix":[0.326271176,-0.945272982,0.00248366408,0.945275843,0.32627219,-9.17352736e-08,-0.000810263795,0.00234777783,0.999996901],"scale":1,"type":"barrier_concrete2"}
{"pos":[-187.690002,374.567627,27.7842903],"rotationMatrix":[-0.896592379,0.442855775,0.000836955791,-0.442855954,-0.896592736,4.4805347e-08,0.000750428357,-0.00037061068,0.999999642],"scale":1.00000012,"type":"barrier_concrete2"}
{"pos":[-173.332642,367.475647,28.0065899],"rotationMatrix":[-0.896295547,0.442712337,-0.0256896205,-0.442858487,-0.896591425,-2.14204192e-08,-0.0230331048,0.0113768475,0.999669969],"scale":1,"type":"barrier_concrete2"}
{"pos":[-158.980255,360.386108,28.4947662],"rotationMatrix":[-0.895960569,0.442560673,-0.0373469144,-0.442869663,-0.896586061,1.05239451e-07,-0.033484675,0.0165399089,0.999302387],"scale":1,"type":"barrier_concrete2"}
{"pos":[-144.634857,353.300079,29.1961403],"rotationMatrix":[-0.89548111,0.442343503,-0.0494542718,-0.442885429,-0.896578193,-1.3038516e-08,-0.044339627,0.0219025649,0.998776376],"scale":1,"type":"barrier_concrete2"}
{"pos":[-194.869629,378.113739,27.8181572],"rotationMatrix":[0.896563172,-0.442836672,-0.00837834459,0.442852229,0.896594644,-5.99538907e-08,0.00751200551,-0.00371031463,0.999964893],"scale":1.00000012,"type":"barrier_concrete2"}
{"pos":[-180.510574,371.021301,27.8364296],"rotationMatrix":[0.896449208,-0.442833275,0.016657697,0.442894727,0.896573603,-2.70549208e-07,-0.0149347316,0.00737784849,0.99986124],"scale":1,"type":"barrier_concrete2"}
{"pos":[-166.155487,363.930511,28.2178135],"rotationMatrix":[0.896236122,-0.442669809,0.0283597,0.442847908,0.89659673,-1.39698386e-08,-0.0254272074,0.012559046,0.999597788],"scale":1,"type":"barrier_concrete2"}
{"pos":[-151.806656,356.842773,28.823431],"rotationMatrix":[0.895679235,-0.442400068,0.0451760031,0.442852229,0.896594644,5.58793545e-09,-0.0405045636,0.0200062878,0.998979032],"scale":1,"type":"barrier_concrete2"}
{"pos":[-197.958389,388.531036,28.1230545],"rotationMatrix":[0.999945819,-0.00314449356,0.00992201734,0.00314464909,0.999995053,-7.9311576e-08,-0.00992196891,3.12805714e-05,0.999950767],"scale":1,"type":"barrier_concrete2"}
{"pos":[-213.917328,388.581177,28.1312485],"rotationMatrix":[0.999941587,-0.00312850717,-0.0103457449,0.00312867621,0.999995112,1.68445695e-07,0.0103456946,-3.25369219e-05,0.999946475],"scale":1,"type":"barrier_concrete2"}
{"pos":[-229.873383,388.631226,28.4382286],"rotationMatrix":[0.99968785,-0.00318920659,-0.0247807298,0.00319018634,0.999994934,1.76441972e-09,0.0247806031,-7.90569029e-05,0.999692917],"scale":1,"type":"barrier_concrete2"}
{"pos":[-205.937775,388.556091,28.0891571],"rotationMatrix":[-0.999993086,0.00313287228,0.00198073871,-0.0031328788,-0.999994993,-1.01954356e-07,0.00198072847,-6.30736758e-06,0.999998033],"scale":1,"type":"barrier_concrete2"}
{"pos":[-221.895935,388.606323,28.2551842],"rotationMatrix":[-0.999811411,0.00311180321,0.0191643704,-0.00311237411,-0.999995112,2.89383024e-08,0.0191642772,-5.96177561e-05,0.999816358],"scale":1,"type":"barrier_concrete2"}
{"pos":[-237.84967,388.656281,28.667057],"rotationMatrix":[-0.999475002,0.00319177634,0.0322424881,-0.00319343968,-0.999994874,-9.71340341e-08,0.0322423242,-0.000103061524,0.999480069],"scale":1.00000012,"type":"barrier_concrete2"}
{"pos":[-182.748795,229.871918,31.4763718],"rotationMatrix":[-0.301399469,0.952414095,-0.0454515442,-0.95339936,-0.301711202,-1.06170774e-07,-0.0137133393,0.043333441,0.998966515],"scale":1,"type":"barrier_concrete2"}
{"pos":[-187.612686,245.241791,30.9642715],"rotationMatrix":[-0.301582456,0.953002155,-0.028895054,-0.953400195,-0.30170846,-6.33299351e-08,-0.00871794298,0.0275485329,0.999582469],"scale":0.99999994,"type":"barrier_concrete2"}
{"pos":[-180.31813,222.191254,31.8524532],"rotationMatrix":[0.301459134,-0.952635288,0.0401031263,0.953402281,0.301701844,8.00937414e-08,-0.0120992633,0.0382343903,0.999195576],"scale":1.00000012,"type":"barrier_concrete2"}
{"pos":[-185.180176,237.555115,31.1639938],"rotationMatrix":[0.301574826,-0.952964723,0.0301795825,0.953399003,0.301712275,7.91624188e-08,-0.00910562556,0.0287731625,0.999544501],"scale":1.00000012,"type":"barrier_concrete2"}
{"pos":[-190.044037,252.924881,30.6487198],"rotationMatrix":[0.301475048,-0.952645779,0.0397353582,0.953398705,0.301713347,1.06170774e-07,-0.0119887879,0.0378836095,0.999210238],"scale":1,"type":"barrier_concrete2"}
{"pos":[-198.616028,289.063049,29.5619354],"rotationMatrix":[-0.286082506,-0.958162963,-0.00896799006,0.958201468,-0.286094069,-1.76485628e-07,-0.00256552012,-0.00859319232,0.999959767],"scale":1,"type":"barrier_concrete2"}
{"pos":[-203.14032,273.910706,29.280365],"rotationMatrix":[-0.285988331,-0.957846045,-0.0272309221,0.958201408,-0.286094427,-1.2665987e-07,-0.00779049564,-0.0260927435,0.99962914],"scale":0.99999994,"type":"barrier_concrete2"}
{"pos":[-200.878418,281.486084,29.4665718],"rotationMatrix":[0.286074579,0.95806551,0.0164848492,-0.958195686,0.286113441,1.34110451e-07,-0.00471640844,-0.0157957524,0.999864101],"scale":1,"type":"barrier_concrete2"}
{"pos":[-205.401962,266.336365,29.052021],"rotationMatrix":[0.285971403,0.957912505,0.0249789804,-0.958211482,0.286060631,8.1025064e-08,-0.00714542624,-0.0239351727,0.99968797],"scale":1,"type":"barrier_concrete2"}
{"pos":[-216.839478,354.077698,27.6554375],"rotationMatrix":[0.316627383,-0.948259473,0.0234727152,0.94852078,0.316714644,-4.65661287e-08,-0.00743410829,0.0222643744,0.999724507],"scale":1,"type":"barrier_concrete2"}
{"pos":[-211.741119,338.8078,28.1173325],