{"pos":[-286.959686,544.42511,132.268326],"rotationMatrix":[-0.746484935,0.665402174,0,-0.665402174,-0.746484935,0,0,0,1],"scale":1,"type":"eca_rock_big_narrow"}
{"pos":[-273,558.251282,144.596573],"rotationMatrix":[-0.787949026,0.615740478,0,-0.615740478,-0.787949026,0,0,0,1],"scale":1,"type":"eca_rock_big_narrow"}
{"pos":[-277.615295,561,143],"rotationMatrix":[0.0019856994,-0.999997973,0,0.999997973,0.0019856994,0,0,0,1],"scale":1,"type":"eca_rock_big_narrow"}
{"pos":[-278,558,142],"rotationMatrix":[0.788424611,-0.607027769,0.0995173082,0.467343837,0.696305931,0.544745505,-0.399970144,-0.382981986,0.832675517],"scale":1,"type":"eca_rock_big_narrow"}
{"pos":[-20.7728424,459.198669,158.37558],"rotationMatrix":[0.14898102,-0.988839984,0,0.988839984,0.14898102,0,0,0,1],"scale":1,"type":"eca_rock_big_narrow"}
{"pos":[-20.0549908,456.529694,155.735855],"rotationMatrix":[-0.264018327,0.964517593,0,-0.964517593,-0.264018327,0,0,0,1],"scale":1,"type":"eca_rock_big_narrow"}
{"pos":[-12.9127226,466.942932,168.631317],"rotationMatrix":[0.557870388,0.82992816,0,-0.82992816,0.557870388,0,0,0,1],"scale":1,"type":"eca_rock_big_narrow"}
{"pos":[-20.236124,466.536072,166.943146],"rotationMatrix":[0.911281824,0.411783338,0,-0.411783338,0.911281824,0,0,0,1],"scale":1,"type":"eca_rock_big_narrow"}
{"pos":[-27.2794056,443.230225,146.207138],"rotationMatrix":[0.849245489,-0.52799809,0,0.52799809,0.849245489,0,0,0,1],"scale":1,"type":"eca_rock_big_narrow"}
{"pos":[297.296265,461.263611,166.45401],"rotationMatrix":[-0.939648449,-0.342141658,0,0.342141658,-0.939648449,0,0,0,1],"scale":1,"type":"eca_rock_big_narrow"}
{"pos":[291.035431,462.647644,171.712219],"rotationMatrix":[0.397143394,0.917756677,0,-0.917756677,0.397143394,0,0,0,1],"scale":1,"type":"eca_rock_big_narrow"}
{"pos":[231.50412,478.182373,194.569702],"rotationMatrix":[-0.877198458,-0.480128139,0,0.480128139,-0.877198458,0,0,0,1],"scale":1,"type":"eca_rock_big_narrow"}
{"pos":[227.116806,476.602722,194],"rotationMatrix":[0.875055373,-0.484022796,0,0.484022796,0.875055373,0,0,0,1],"scale":1,"type":"eca_rock_big_narrow"}
{"pos":[231.855484,481.47702,194.454407],"rotationMatrix":[0.416160733,0.909291148,0,-0.909291148,0.416160733,0,0,0,1],"scale":1,"type":"eca_rock_big_narrow"}
{"pos":[360.15036,473,157],"rotationMatrix":[-0.373127371,-0.814070344,-0.445044845,0.92610395,-0.297986418,-0.231376424,0.0557393767,-0.498490632,0.865101159],"scale":7.462852,"type":"eca_rock_big_narrow"}
{"pos":[368,481,160],"rotationMatrix":[-0.0513059795,-0.831740439,-0.55278641,-0.957869172,-0.115636706,0.262893379,-0.282581747,0.542986512,-0.790766656],"scale":7.462852,"type":"eca_rock_big_narrow"}
