{"pos":[-286.959686,544.42511,132.268326],"rotationMatrix":[-0.746484935,0.665402174,0,-0.665402174,-0.746484935,0,0,0,1],"scale":1,"type":"eca_rock_big_narrow"}
{"pos":[-273,558.251282,144.596573],"rotationMatrix":[-0.787949026,0.615740478,0,-0.615740478,-0.787949026,0,0,0,1],"scale":1,"type":"eca_rock_big_narrow"}
{"pos":[-277.615295,561,143],"rotationMatrix":[0.0019856994,-0.999997973,0,0.999997973,0.0019856994,0,0,0,1],"scale":1,"type":"eca_rock_big_narrow"}
{"pos":[-278,558,142],"rotationMatrix":[0.788424611,-0.607027769,0.0995173082,0.467343837,0.696305931,0.544745505,-0.399970144,-0.382981986,0.832675517],"scale":1,"type":"eca_rock_big_narrow"}
{"pos":[-20.7728424,459.198669,158.37558],"rotationMatrix":[0.14898102,-0.988839984,0,0.988839984,0.14898102,0,0,0,1],"scale":1,"type":"eca_rock_big_narrow"}
{"pos":[-20.0549908,456.529694,155.735855],"rotationMatrix":[-0.264018327,0.964517593,0,-0.964517593,-0.264018327,0,0,0,1],"scale":1,"type":"eca_rock_big_narrow"}
{"pos":[-12.9127226,466.942932,168.631317],"rotationMatrix":[0.557870388,0.82992816,0,-0.82992816,0.557870388,0,0,0,1],"scale":1,"type":"eca_rock_big_narrow"}
{"pos":[-20.236124,466.536072,166.943146],"rotationMatrix":[0.911281824,0.411783338,0,-0.411783338,0.911281824,0,0,0,1],"scale":1,"type":"eca_rock_big_narrow"}
{"pos":[-27.2794056,443.230225,146.207138],"rotationMatrix":[0.849245489,-0.52799809,0,0.52799809,0.849245489,0,0,0,1],"scale":1,"type":"eca_rock_big_narrow"}
{"pos":[297.296265,461.263611,166.45401],"rotationMatrix":[-0.939648449,-0.342141658,0,0.342141658,-0.939648449,0,0,0,1],"scale":1,"type":"eca_rock_big_narrow"}
{"pos":[291.035431,462.647644,171.712219],"rotationMatrix":[0.397143394,0.917756677,0,-0.917756677,0.397143394,0,0,0,1],"scale":1,"type":"eca_rock_big_narrow"}
{"pos":[231.50412,478.182373,194.569702],"rotationMatrix":[-0.877198458,-0.480128139,0,0.480128139,-0.877198458,0,0,0,1],"scale":1,"type":"eca_rock_big_narrow"}
{"pos":[227.116806,476.602722,194],"rotationMatrix":[0.875055373,-0.484022796,0,0.484022796,0.875055373,0,0,0,1],"scale":1,"type":"eca_rock_big_narrow"}
{"pos":[231.855484,481.47702,194.454407],"rotationMatrix":[0.416160733,0.909291148,0,-0.909291148,0.416160733,0,0,0,1],"scale":1,"type":"eca_rock_big_narrow"}
{"pos":[360.15036,473,157],"rotationMatrix":[-0.373127371,-0.814070344,-0.445044845,0.92610395,-0.297986418,-0.231376424,0.0557393767,-0.498490632,0.865101159],"scale":7.462852,"type":"eca_rock_big_narrow"}
{"pos":[368,481,160],"rotationMatrix":[-0.0513059795,-0.831740439,-0.55278641,-0.957869172,-0.115636706,0.262893379,-0.282581747,0.542986512,-0.790766656],"scale":7.462852,"type":"eca_rock_big_narrow"}
{"pos":[417.953369,479.250427,157.684967],"rotationMatrix":[0.313701093,-0.94952178,0,0.94952178,0.313701093,0,0,0,1],"scale":1,"type":"eca_rock_big_narrow"}
{"pos":[407.539856,459.068298,149.415985],"rotationMatrix":[-0.593522251,0.804817438,0,-0.804817438,-0.593522251,0,0,0,1],"scale":1,"type":"eca_rock_big_narrow"}
{"pos":[408.801605,455.468628,148.567459],"rotationMatrix":[-0.720893502,-0.693045795,0,0.693045795,-0.720893502,0,0,0,1],"scale":1,"type":"eca_rock_big_narrow"}
{"pos":[404.792511,467.090057,157.014053],"rotationMatrix":[0.675614655,-0.737254858,0,0.737254858,0.675614655,0,0,0,1],"scale":1,"type":"eca_rock_big_narrow"}
{"pos":[410.141083,463.237213,148.088058],"rotationMatrix":[-0.978334725,-0.207029298,0,0.207029298,-0.978334725,0,0,0,1],"scale":1,"type":"eca_rock_big_narrow"}
{"pos":[405.504181,457.999847,150.243134],"rotationMatrix":[-0.0183141157,0.999832213,0,-0.999832213,-0.0183141157,0,0,0,1],"scale":1,"type":"eca_rock_big_narrow"}
{"pos":[426.882782,462.819672,148.529083],"rotationMatrix":[0.043791268,-0.999040663,0,0.999040663,0.043791268,0,0,0,1],"scale":1,"type":"eca_rock_big_narrow"}
{"pos":[434.505981,468.269592,148.08905],"rotationMatrix":[0.897015989,-0.441997945,0,0.441997945,0.897015989,0,0,0,1],"scale":1,"type":"eca_rock_big_narrow"}
{"pos":[436.37793,465.376373,145.762909],"rotationMatrix":[0.0569980368,0.998374224,0,-0.998374224,0.0569980368,0,0,0,1],"scale":1,"type":"eca_rock_big_narrow"}
{"pos":[428.228271,466.189453,149.155441],"rotationMatrix":[-0.998453021,-0.0556019098,0,0.0556019098,-0.998453021,0,0,0,1],"scale":1,"type":"eca_rock_big_narrow"}
{"pos":[437.869934,463.559601,143.686264],"rotationMatrix":[-0.915560663,-0.402180046,0,0.402180046,-0.915560663,0,0,0,1],"scale":1,"type":"eca_rock_big_narrow"}
{"pos":[436.019714,467.187622,147.082947],"rotationMatrix":[0.236665875,0.971591115,0,-0.971591115,0.236665875,0,0,0,1],"scale":1,"type":"eca_rock_big_narrow"}
{"pos":[439.174866,470.960205,149.921616],"rotationMatrix":[0.60804981,0.79389894,0,-0.79389894,0.60804981,0,0,0,1],"scale":1,"type":"eca_rock_big_narrow"}
{"pos":[440.763977,456.552185,140.25972],"rotationMatrix":[-0.901980102,-0.431777745,0,0.431777745,-0.901980102,0,0,0,1],"scale":1,"type":"eca_rock_big_narrow"}
{"pos":[419.651337,449.648865,148.526154],"rotationMatrix":[-0.239165843,-0.970978737,0,0.970978737,-0.239165843,0,0,0,1],"scale":1,"type":"eca_rock_big_narrow"}
{"pos":[423.785156,451.875732,145.802063],"rotationMatrix":[-0.95686698,-0.290526539,0,0.290526539,-0.95686698,0,0,0,1],"scale":1,"type":"eca_rock_big_narrow"}
{"pos":[432.642548,445.756531,142.396561],"rotationMatrix":[-0.864439487,-0.502737105,0,0.502737105,-0.864439487,0,0,0,1],"scale":1,"type":"eca_rock_big_narrow"}
{"pos":[422.895782,449.117615,146.452408],"rotationMatrix":[0.96757853,-0.252570301,0,0.252570301,0.96757853,0,0,0,1],"scale":1,"type":"eca_rock_big_narrow"}
{"pos":[436.831909,436.349701,138.894684],"rotationMatrix":[0.572020292,-0.820239425,0,0.820239425,0.572020292,0,0,0,1],"scale":1,"type":"eca_rock_big_narrow"}
{"pos":[444.681885,438.403015,133.933319],"rotationMatrix":[-0.691681504,-0.722202659,0,0.722202659,-0.691681504,0,0,0,1],"scale":1,"type":"eca_rock_big_narrow"}
{"pos":[444.648376,435.001648,132.659393],"rotationMatrix":[0.828467131,-0.560037613,0,0.560037613,0.828467131,0,0,0,1],"scale":1,"type":"eca_rock_big_narrow"}
{"pos":[444.858307,445.88147,136.239929],"rotationMatrix":[0.126443431,-0.991973758,0,0.991973758,0.126443431,0,0,0,1],"scale":1,"type":"eca_rock_big_narrow"}
{"pos":[441.223633,462.440094,141.918442],"rotationMatrix":[-0.997334659,-0.0729626268,0,0.0729626268,-0.997334659,0,0,0,1],"scale":1,"type":"eca_rock_big_narrow"}
{"pos":[451.563416,450.973022,135.052444],"rotationMatrix":[0.365057081,0.930985212,0,-0.930985212,0.365057081,0,0,0,1],"scale":1,"type":"eca_rock_big_narrow"}
{"pos":[453.615753,452.02536,134.737411],"rotationMatrix":[0.00492109032,-0.999987841,0,0.999987841,0.00492109032,0,0,0,1],"scale":1,"type":"eca_rock_big_narrow"}
{"pos":[429.325134,455.981476,144],"rotationMatrix":[0.455346465,0.8903144,0,-0.8903144,0.455346465,0,0,0,1],"scale":1,"type":"eca_rock_big_narrow"}
{"pos":[429.891418,460.882019,146.551163],"rotationMatrix":[-0.937353253,-0.348380208,0,0.348380208,-0.937353253,0,0,0,1],"scale":1,"type":"eca_rock_big_narrow"}
{"pos":[407.718719,497.823395,168.836838],"rotationMatrix":[0.948360443,0.31719467,0,-0.31719467,0.948360443,0,0,0,1],"scale":1,"type":"eca_rock_big_narrow"}
{"pos":[404.396576,494.029877,167.274109],"rotationMatrix":[0.772309601,-0.635246396,0,0.635246396,0.772309601,0,0,0,1],"scale":1,"type":"eca_rock_big_narrow"}
{"pos":[408.41864,495.753571,167.66304],"rotationMatrix":[0.182669267,-0.983174443,0,0.983174443,0.182669267,0,0,0,1],"scale":1,"type":"eca_rock_big_narrow"}
{"pos":[404.852539,495.07547,167.670105],"rotationMatrix":[0.978753567,-0.205039948,0,0.205039948,0.978753567,0,0,0,1],"scale":1,"type":"eca_rock_big_narrow"}
{"pos":[408.194855,490.306702,164.78978],"rotationMatrix":[-0.998660445,0.0517419353,0,-0.0517419353,-0.998660445,0,0,0,1],"scale":1,"type":"eca_rock_big_narrow"}
{"pos":[405.283478,481.184143,161],"rotationMatrix":[-0.545909643,-0.837844133,0,0.803530455,-0.52355206,-0.283252716,0.23732163,-0.154630393,0.959045291],"scale":1,