{"pos":[-287.096466,548.693237,133.627716],"rotationMatrix":[-0.912726343,-0.408571422,0,0.408571422,-0.912726343,0,0,0,1],"scale":1,"type":"eca_rock_big_wide"}
{"pos":[-299.69635,542.885498,131.915466],"rotationMatrix":[0.370782137,0.928719997,0,-0.928719997,0.370782137,0,0,0,1],"scale":1,"type":"eca_rock_big_wide"}
{"pos":[-301.637177,543.522217,132.704788],"rotationMatrix":[-0.9973737,-0.0724261776,0,0.0724261776,-0.9973737,0,0,0,1],"scale":1,"type":"eca_rock_big_wide"}
{"pos":[-291.47757,554.033997,137],"rotationMatrix":[0.923121929,0.384507388,0,-0.384507388,0.923121929,0,0,0,1],"scale":1,"type":"eca_rock_big_wide"}
{"pos":[-292.943695,552.873596,136],"rotationMatrix":[0.858441114,-0.512912035,0,0.512912035,0.858441114,0,0,0,1],"scale":1,"type":"eca_rock_big_wide"}
{"pos":[-273,559.356995,144.110107],"rotationMatrix":[0.978627324,-0.205641791,0,0.205641791,0.978627324,0,0,0,1],"scale":1,"type":"eca_rock_big_wide"}
{"pos":[-283.874084,560,141.376328],"rotationMatrix":[-0.843277335,-0.39425981,-0.365297765,0.537478626,-0.618574083,-0.573134124,0,-0.679650784,0.733535767],"scale":1,"type":"eca_rock_big_wide"}
{"pos":[-24.085743,462.28241,159.312698],"rotationMatrix":[0.779160857,-0.626823902,0,0.626823902,0.779160857,0,0,0,1],"scale":1,"type":"eca_rock_big_wide"}
{"pos":[-21.3940086,460.674866,159.543686],"rotationMatrix":[0.649546325,0.760322154,0,-0.760322154,0.649546325,0,0,0,1],"scale":1,"type":"eca_rock_big_wide"}
{"pos":[-19.4619484,459.388367,159.098541],"rotationMatrix":[0.100477286,-0.994939327,0,0.994939327,0.100477286,0,0,0,1],"scale":1,"type":"eca_rock_big_wide"}
{"pos":[-18.3099842,461.442841,162.352524],"rotationMatrix":[-0.110602908,0.993864655,0,-0.993864655,-0.110602908,0,0,0,1],"scale":1,"type":"eca_rock_big_wide"}
{"pos":[-20.6335182,462.678162,162.384827],"rotationMatrix":[-0.847300231,-0.531114161,0,0.531114161,-0.847300231,0,0,0,1],"scale":1,"type":"eca_rock_big_wide"}
{"pos":[-19.4307575,463.460297,164.055496],"rotationMatrix":[-0.103039466,0.994677186,0,-0.994677186,-0.103039466,0,0,0,1],"scale":1,"type":"eca_rock_big_wide"}
{"pos":[-24.5192223,438.626678,141.261032],"rotationMatrix":[0.529059172,0.848585069,0,-0.848585069,0.529059172,0,0,0,1],"scale":1,"type":"eca_rock_big_wide"}
{"pos":[293.450439,462.555054,170.865204],"rotationMatrix":[0.69904232,-0.715080321,0,0.715080321,0.69904232,0,0,0,1],"scale":1,"type":"eca_rock_big_wide"}
{"pos":[295.349243,461.070465,168.646378],"rotationMatrix":[0.746096373,-0.665838003,0,0.665838003,0.746096373,0,0,0,1],"scale":1,"type":"eca_rock_big_wide"}
{"pos":[292.629456,467.979645,172.355148],"rotationMatrix":[0.988566339,-0.150786191,0,0.150786191,0.988566339,0,0,0,1],"scale":1,"type":"eca_rock_big_wide"}
{"pos":[291.779999,464.982941,171.19635],"rotationMatrix":[-0.325103581,0.945678353,0,-0.945678353,-0.325103581,0,0,0,1],"scale":1,"type":"eca_rock_big_wide"}
{"pos":[293.616119,465.193848,170.5121],"rotationMatrix":[0.118329324,0.992974401,0,-0.992974401,0.118329324,0,0,0,1],"scale":1,"type":"eca_rock_big_wide"}
{"pos":[298.52475,461.362,165.186371],"rotationMatrix":[-0.337831467,0.941206574,0,-0.941206574,-0.337831467,0,0,0,1],"scale":1,"type":"eca_rock_big_wide"}
{"pos":[226,478,196],"rotationMatrix":[-0.686846852,-0.706810534,0.169293523,0.46185407,-0.604310989,-0.649229646,0.561188281,-0.367732406,0.741512299],"scale":1,"type":"eca_rock_big_wide"}
{"pos":[221,481,198],"rotationMatrix":[-0.810007155,0.574228287,0.118951842,-0.585642338,-0.802555799,-0.113694638,0.0301789939,-0.161756933,0.986368835],"scale":1.58550775,"type":"eca_rock_big_wide"}
{"pos":[424.52829,471.260712,151.861969],"rotationMatrix":[-0.890274048,-0.455425203,0,0.455425203,-0.890274048,0,0,0,1],"scale":1,"type":"eca_rock_big_wide"}
{"pos":[423.80249,470.281799,151.032242],"rotationMatrix":[-0.57791394,0.816097617,0,-0.816097617,-0.57791394,0,0,0,1],"scale":1,"type":"eca_rock_big_wide"}
{"pos":[415.298462,465.615387,148.785507],"rotationMatrix":[-0.974838972,-0.222910255,0,0.222910255,-0.974838972,0,0,0,1],"scale":1,"type":"eca_rock_big_wide"}
{"pos":[422.093292,478.902161,157.189224],"rotationMatrix":[0.143837646,0.989601314,0,-0.989601314,0.143837646,0,0,0,1],"scale":1,"type":"eca_rock_big_wide"}
{"pos":[415.255859,467.239471,149.525894],"rotationMatrix":[0.391956091,0.919983983,0,-0.919983983,0.391956091,0,0,0,1],"scale":1,"type":"eca_rock_big_wide"}
{"pos":[406.290588,462.98999,153.213333],"rotationMatrix":[-0.93021971,0.367003053,0,-0.367003053,-0.93021971,0,0,0,1],"scale":1,"type":"eca_rock_big_wide"}
{"pos":[431.258606,472.219452,152.659531],"rotationMatrix":[0.935627818,0.352988124,0,-0.352988124,0.935627818,0,0,0,1],"scale":1,"type":"eca_rock_big_wide"}
{"pos":[446.658081,468.741058,145.556534],"rotationMatrix":[-0.409334183,-0.91238457,0,0.91238457,-0.409334183,0,0,0,1],"scale":1,"type":"eca_rock_big_wide"}
{"pos":[437.761566,464.840485,144.462036],"rotationMatrix":[-0.73094672,0.68243438,0,-0.68243438,-0.73094672,0,0,0,1],"scale":1,"type":"eca_rock_big_wide"}
{"pos":[442.125427,465.630035,143.632584],"rotationMatrix":[-0.707170606,0.707042992,0,-0.707042992,-0.707170606,0,0,0,1],"scale":1,"type":"eca_rock_big_wide"}
{"pos":[424.355133,441.673828,145.3526],"rotationMatrix":[0.395442545,0.918490767,0,-0.918490767,0.395442545,0,0,0,1],"scale":1,"type":"eca_rock_big_wide"}
{"pos":[427.916962,437.563995,144.321579],"rotationMatrix":[0.95454669,-0.298061222,0,0.298061222,0.95454669,0,0,0,1],"scale":1,"type":"eca_rock_big_wide"}
{"pos":[432.601379,436.421692,142.897491],"rotationMatrix":[0.938279808,0.34587723,0,-0.34587723,0.938279808,0,0,0,1],"scale":1,"type":"eca_rock_big_wide"}
{"pos":[442.595001,434.223785,133.339615],"rotationMatrix":[-0.183319166,-0.983053446,0,0.983053446,-0.183319166,0,0,0,1],"scale":1,"type":"eca_rock_big_wide"}
{"pos":[446.391052,458.915039,138.858032],"rotationMatrix":[0.323704332,0.94615835,0,-0.94615835,0.323704332,0,0,0,1],"scale":1,"type":"eca_rock_big_wide"}
{"pos":[450.818176,455.719269,136.374649],"rotationMatrix":[-0.983314633,-0.181913003,0,0.181913003,-0.983314633,0,0,0,1],"scale":1,"type":"eca_rock_big_wide"}
{"pos":[448.076263,449.583557,135.883072],"rotationMatrix":[0.191797018,-0.981434584,0,0.981434584,0.191797018,0,0,0,1],"scale":1,"type":"eca_rock_big_wide"}
{"pos":[432.541718,456.114502,143],"rotationMatrix":[0.780276775,-0.550946176,-0.296017557,0.57679677,0.816887617,0,0.241813079,-0.170741975,0.955182493],"scale":1,"type":"eca_rock_big_wide"}
{"pos":[415.968536,477.042755,155],"rotationMatrix":[0.435614884,0.8598212,0.266356021,-0.820010662,0.257027149,0.511388361,0.371242225,-0.441183716,0.817028821],"scale":1,"type":"eca_rock_big_wide"}
{"pos":[416.06424,483,158.658417],"rotationMatrix":[0.885635614,-0.464380801,0,0.464380801,0.885635614,0,0,0,1],"scale":1,"type":"eca_rock_big_wide"}
{"pos":[-340.821136,548.355652,131.220947],"rotationMatrix":[0.196172863,-0.980569363,0,0.980569363,0.196172863,0,0,0,1],"scale":1,"type":"eca_rock_big_wide"}
{"pos":[-331.013367,558.152466,134.853134],"rotationMatrix":[-0.999535501,-0.0304751005,0,0.0304751005,-0.999535501,0,0,0,1],"scale":1,"type":"eca_rock_big_wide"}
{"pos":[-326.519287,565.315674,139.436646],"rotationMatrix":[0.457068801,0.889431417,0,-0.889431417,0.457068801,0,0,0,1],"scale":1,"type":"eca_rock_big_wide"}
{"pos":[248.462189,587.420288,261.449524],"rotationMatrix":[-0.0670029148,0.997752726,0,-0.997752726,-0.0670029148,0,0,0,1],"scale":1,"type":"eca_rock_big_wide"}
{"pos":[251.697739,596.095032,260.236206],"rotationMatrix":[-0.958582461,0.284815013,0,-0.284815013,-0.958582461,0,0,0,1],"scale":1,"type":"eca_rock_big_wide"}
{"pos":[272.31076,577.461792,258.155487],"rotationMatrix":[0.316566825,0.948570251,0,-0.948570251,0.316566825,0,0,0,1],"scale":1,"type":"eca_rock_big_wide"}
{"pos":[270.239441,575.696838,257.263367],"rotationMatrix":[-0.654604673,0.755971253,0,-0.755971253,-0.654604673,0,0,0,1],"scale":1,"type":"eca_rock_big_wide"}
{"pos":[290,569.738953,254],