{"pos":[-287.096466,548.693237,133.627716],"rotationMatrix":[-0.912726343,-0.408571422,0,0.408571422,-0.912726343,0,0,0,1],"scale":1,"type":"eca_rock_big_wide"}
{"pos":[-299.69635,542.885498,131.915466],"rotationMatrix":[0.370782137,0.928719997,0,-0.928719997,0.370782137,0,0,0,1],"scale":1,"type":"eca_rock_big_wide"}
{"pos":[-301.637177,543.522217,132.704788],"rotationMatrix":[-0.9973737,-0.0724261776,0,0.0724261776,-0.9973737,0,0,0,1],"scale":1,"type":"eca_rock_big_wide"}
{"pos":[-291.47757,554.033997,137],"rotationMatrix":[0.923121929,0.384507388,0,-0.384507388,0.923121929,0,0,0,1],"scale":1,"type":"eca_rock_big_wide"}
{"pos":[-292.943695,552.873596,136],"rotationMatrix":[0.858441114,-0.512912035,0,0.512912035,0.858441114,0,0,0,1],"scale":1,"type":"eca_rock_big_wide"}
{"pos":[-273,559.356995,144.110107],"rotationMatrix":[0.978627324,-0.205641791,0,0.205641791,0.978627324,0,0,0,1],"scale":1,"type":"eca_rock_big_wide"}
{"pos":[-283.874084,560,141.376328],"rotationMatrix":[-0.843277335,-0.39425981,-0.365297765,0.537478626,-0.618574083,-0.573134124,0,-0.679650784,0.733535767],"scale":1,"type":"eca_rock_big_wide"}
{"pos":[-24.085743,462.28241,159.312698],"rotationMatrix":[0.779160857,-0.626823902,0,0.626823902,0.779160857,0,0,0,1],"scale":1,"type":"eca_rock_big_wide"}
{"pos":[-21.3940086,460.674866,159.543686],"rotationMatrix":[0.649546325,0.760322154,0,-0.760322154,0.649546325,0,0,0,1],"scale":1,"type":"eca_rock_big_wide"}
{"pos":[-19.4619484,459.388367,159.098541],"rotationMatrix":[0.100477286,-0.994939327,0,0.994939327,0.100477286,0,0,0,1],"scale":1,"type":"eca_rock_big_wide"}
{"pos":[-18.3099842,461.442841,162.352524],"rotationMatrix":[-0.110602908,0.993864655,0,-0.993864655,-0.110602908,0,0,0,1],"scale":1,"type":"eca_rock_big_wide"}
{"pos":[-20.6335182,462.678162,162.384827],"rotationMatrix":[-0.847300231,-0.531114161,0,0.531114161,-0.847300231,0,0,0,1],"scale":1,"type":"eca_rock_big_wide"}
{"pos":[-19.4307575,463.460297,164.055496],"rotationMatrix":[-0.103039466,0.994677186,0,-0.994677186,-0.103039466,0,0,0,1],"scale":1,"type":"eca_rock_big_wide"}
{"pos":[-24.5192223,438.626678,141.261032],"rotationMatrix":[0.529059172,0.848585069,0,-0.848585069,0.529059172,0,0,0,1],"scale":1,"type":"eca_rock_big_wide"}
{"pos":[293.450439,462.555054,170.865204],"rotationMatrix":[0.69904232,-0.715080321,0,0.715080321,0.69904232,0,0,0,1],"scale":1,"type":"eca_rock_big_wide"}
{"pos":[295.349243,461.070465,168.646378],"rotationMatrix":[0.746096373,-0.665838003,0,0.665838003,0.746096373,0,0,0,1],"scale":1,"type":"eca_rock_big_wide"}
{"pos":[292.629456,467.979645,172.355148],"rotationMatrix":[0.988566339,-0.150786191,0,0.150786191,0.988566339,0,0,0,1],"scale":1,"type":"eca_rock_big_wide"}
{"pos":[291.779999,464.982941,171.19635],"rotationMatrix":[-0.325103581,0.945678353,0,-0.945678353,-0.325103581,0,0,0,1],"scale":1,"type":"eca_rock_big_wide"}
{"pos":[293.616119,465.193848,170.5121],"rotationMatrix":[0.118329324,0.992974401,0,-0.992974401,0.118329324,0,0,0,1],"scale":1,"type":"eca_rock_big_wide"}
{"pos":[298.52475,461.362,165.186371],"rotationMatrix":[-0.337831467,0.941206574,0,-0.941206574,-0.337831467,0,0,0,1],"scale":1,"type":"eca_rock_big_wide"}
{"pos":[226,478,196],"rotationMatrix":[-0.686846852,-0.706810534,0.169293523,0.46185407,-0.604310989,-0.649229646,0.561188281,-0.367732406,0.741512299],"scale":1,"type":"eca_rock_big_wide"}
{"pos":[221,481,198],"rotationMatrix":[-0.810007155,0.574228287,0.118951842,-0.585642338,-0.802555799,-0.113694638,0.0301789939,-0.161756933,0.986368835],"scale":1.58550775,"type":"eca_rock_big_wide"}
