{"pos":[144.167542,-95.1674042,35.0583229],"rotationMatrix":[-0.0830929279,-0.996539414,-0.00221832329,0.996487796,-0.0831114054,0.0102289915,-0.0103779603,-0.00136057613,0.999945223],"scale":1,"type":"electrical_coil"}
{"pos":[144.326065,-93.2300034,35.0626106],"rotationMatrix":[-0.0830929279,-0.996539414,-0.00221832329,0.996487796,-0.0831114054,0.0102289915,-0.0103779603,-0.00136057613,0.999945223],"scale":1,"type":"electrical_coil"}
{"pos":[144.267456,-93.933342,35.0610466],"rotationMatrix":[-0.0830929279,-0.996539414,-0.00221832329,0.996487796,-0.0831114054,0.0102289915,-0.0103779603,-0.00136057613,0.999945223],"scale":1,"type":"electrical_coil"}
{"pos":[198.537308,-107.855957,35.2172318],"rotationMatrix":[-0.136877537,-0.990585566,-0.00221832376,0.990533113,-0.136893153,0.0102289906,-0.0104363626,-0.000797204673,0.999945223],"scale":1,"type":"electrical_coil"}
{"pos":[198.633911,-107.156815,35.2187958],"rotationMatrix":[-0.136877537,-0.990585566,-0.00221832376,0.990533113,-0.136893153,0.0102289906,-0.0104363626,-0.000797204673,0.999945223],"scale":1,"type":"electrical_coil"}
{"pos":[198.370743,-109.082817,35.2145081],"rotationMatrix":[-0.136877537,-0.990585566,-0.00221832376,0.990533113,-0.136893153,0.0102289906,-0.0104363626,-0.000797204673,0.999945223],"scale":1,"type":"electrical_coil"}
{"pos":[258.229065,-112.079124,37.4624939],"rotationMatrix":[0.123095453,-0.992322505,0.0119775608,0.992357194,0.12297684,-0.0101855984,0.00863443688,0.0131398207,0.99987638],"scale":1,"type":"electrical_coil"}
