{"pos":[144.207748,-94.1803207,35.0123215],"rotationMatrix":[-0.0830929279,-0.996539414,-0.00221832329,0.996487796,-0.0831114054,0.0102289915,-0.0103779603,-0.00136057613,0.999945223],"scale":1,"type":"electrical_crosspiece"}
{"pos":[198.464325,-108.099373,35.1685066],"rotationMatrix":[-0.136877537,-0.990585566,-0.00221832376,0.990533113,-0.136893153,0.0102289906,-0.0104363626,-0.000797204673,0.999945223],"scale":1,"type":"electrical_crosspiece"}
