{"pos":[239.684586,-112.969658,26.8322906],"rotationMatrix":[1,1.50995803e-07,0,-1.50995803e-07,1,0,0,0,1],"scale":0.99999994,"type":"farm_post_wood1"}
{"pos":[676.490112,-164.650818,46.84235],"rotationMatrix":[-0.559685826,-0.828703403,-0.00149069214,0.828704357,-0.559686422,4.21423465e-08,-0.000834355364,-0.00123531953,0.999998868],"scale":1.00000012,"type":"farm_post_wood1"}
{"pos":[678.029297,-162.371552,46.8445435],"rotationMatrix":[-0.5596174,-0.828751028,3.8385424e-05,0.828751028,-0.5596174,-1.65153324e-07,2.16180233e-05,3.17195372e-05,1],"scale":0.999999881,"type":"farm_post_wood1"}
{"pos":[679.568481,-160.092178,46.8433952],"rotationMatrix":[-0.55968225,-0.828707278,0.000332595228,0.828707278,-0.55968225,5.73199941e-08,0.000186100166,0.000275656173,0.99999994],"scale":1,"type":"farm_post_wood1"}
{"pos":[681.108032,-157.812836,46.8429756],"rotationMatrix":[-0.559825182,-0.828610659,-3.40352562e-05,0.828610659,-0.559825182,-2.02721822e-07,-1.88858176e-05,-2.83154659e-05,1],"scale":0.99999994,"type":"farm_post_wood1"}
{"pos":[682.647705,-155.533417,46.8435631],"rotationMatrix":[-0.559689879,-0.828701973,-0.000396940188,0.828702092,-0.559689999,-4.10364009e-09,-0.000222160044,-0.00032894747,0.99999994],"scale":1,"type":"farm_post_wood1"}
{"pos":[684.187012,-153.254044,46.84515],"rotationMatrix":[-0.559631705,-0.828741074,-0.000759632676,0.828741312,-0.559631824,3.37022357e-08,-0.000425142585,-0.000629520102,0.999999702],"scale":0.999999821,"type":"farm_post_wood1"}
{"pos":[685.72644,-150.974579,46.847744],"rotationMatrix":[-0.559753537,-0.828658283,-0.00113869901,0.828658879,-0.559753895,1.23982318e-08,-0.000637401536,-0.000943586172,0.999999344],"scale":1,"type":"farm_post_wood1"}
{"pos":[687.266479,-148.694672,46.8508835],"rotationMatrix":[-0.559682131,-0.828706741,-0.00100696553,0.828707218,-0.559682369,-1.31258275e-08,-0.000563570065,-0.000834486913,0.999999464],"scale":0.99999994,"type":"farm_post_wood1"}
{"pos":[688.805664,-146.415375,46.8532295],"rotationMatrix":[-0.559693456,-0.82869935,-0.000702585268,0.828699589,-0.559693694,-2.3728353e-07,-0.00039303588,-0.00058236497,0.999999762],"scale":1,"type":"farm_post_wood1"}
{"pos":[690.345459,-144.135681,46.8548279],"rotationMatrix":[-0.559666753,-0.828717589,-0.000467739388,0.828717709,-0.559666872,-3.6568963e-08,-0.000261747889,-0.000387644395,0.999999881],"scale":0.99999994,"type":"farm_post_wood1"}
{"pos":[691.884644,-141.856674,46.8558426],"rotationMatrix":[-0.559750319,-0.828661203,-0.000278503809,0.828661203,-0.559750319,8.04939191e-08,-0.000155959322,-0.00023074029,0.99999994],"scale":0.99999994,"type":"farm_post_wood1"}
{"pos":[693.424316,-139.577026,46.8564072],"rotationMatrix":[-0.559707165,-0.828690469,-0.000148693711,0.828690469,-0.559707165,-1.27329258e-08,-8.32143778e-05,-0.000123228179,1],"scale":1,"type":"farm_post_wood1"}
{"pos":[694.964355,-137.297852,46.8569107],"rotationMatrix":[-0.559553027,-0.828794539,-0.000277971732,0.828794539,-0.559553027,-9.74687282e-08,-0.000155459158,-0.00023043601,0.99999994],"scale":1,"type":"farm_post_wood1"}
{"pos":[696.503662,-135.018555,46.857914],"rotationMatrix":[-0.559657216,-0.828723967,-0.00043801713,0.828724086,-0.559657335,-1.00611942e-07,-0.000245056115,-0.000363051688,0.999999881],"scale":1,"type":"farm_post_wood1"}
{"pos":[698.043213,-132.738983,46.8592072],"rotationMatrix":[-0.559718251,-0.82868278,-0.000486791163,0.828682899,-0.55971837,-2.30211299e-08,-0.000272446865,-0.000403408398,0.999999881],"scale":0.999999881,"type":"farm_post_wood1"}
{"pos":[699.58252,-130.459244,46.8604698],"rotationMatrix":[-0.559657812,-0.828723609,-0.000402985606,0.828723729,-0.559657931,-1.01295882e-07,-0.000225450145,-0.000334020413,0.99999994],"scale":0.999999881,"type":"farm_post_wood1"}
{"pos":[701.122437,-128.179413,46.8612671],"rotationMatrix":[-0.559674263,-0.828712642,-0.000167984414,0.828712642,-0.559674263,-1.16655428e-07,-9.39198799e-05,-0.00013927609,1],"scale":0.999999881,"type":"farm_post_wood1"}
{"pos":[702.661743,-125.899796,46.8613205],"rotationMatrix":[-0.559793234,-0.828632295,0.000181428069,0.828632295,-0.559793234,-6.43194653e-09,0.000101567537,0.000150333552,1],"scale":1,"type":"farm_post_wood1"}
{"pos":[704.201782,-123.619766,46.8600121],"rotationMatrix":[-0.559798002,-0.8286286,0.000867802533,0.828628957,-0.559798121,-1.78406481e-08,0.000485809142,0.000719076372,0.999999642],"scale":1,"type":"farm_post_wood1"}
{"pos":[705.741211,-121.340439,46.8558235],"rotationMatrix":[-0.558139086,-0.829743564,0.00255490188,0.829746306,-0.558140874,7.22939149e-08,0.00142593496,0.00211996073,0.999996722],"scale":1,"type":"farm_post_wood1"}
{"pos":[707.167664,-118.990295,46.8407288],"rotationMatrix":[-0.480739832,-0.876825452,0.00814514048,0.876854539,-0.480755806,5.98374754e-08,0.00391577138,0.00714213215,0.9999668],"scale":0.999999881,"type":"farm_post_wood1"}
{"pos":[708.405273,-116.535172,46.8131561],"rotationMatrix":[-0.421488047,-0.906758785,0.011675939,0.906820655,-0.421516776,4.19095159e-08,0.00492156669,0.0105879996,0.999931812],"scale":1,"type":"farm_post_wood1"}
{"pos":[709.499146,-114.011566,46.7777901],"rotationMatrix":[-0.37481916,-0.926992893,0.0139569379,0.927083135,-0.374855757,8.24220479e-08,0.00523176091,0.0129392724,0.999902606],"scale":1,"type":"farm_post_wood1"}
{"pos":[710.477905,-111.441315,46.7361755],"rotationMatrix":[-0.337177396,-0.941298425,0.0163884349,0.941424906,-0.337222695,-1.40164047e-07,0.00552668469,0.0154284332,0.999865711],"scale":1,"type":"farm_post_wood1"}
{"pos":[711.361572,-108.837128,46.6874352],"rotationMatrix":[-0.30563724,-0.951955616,0.0191455614,0.952130139,-0.305693269,1.39698386e-08,0.00585265411,0.0182290711,0.999816716],"scale":0.999999821,"type":"farm_post_wood1"}
{"pos":[712.164062,-106.206772,46.6306572],"rotationMatrix":[-0.278027296,-0.960316062,0.0222248808,0.960553288,-0.278095961,2.79396772e-09,0.00618064683,0.0213481858,0.999752998],"scale":1.00000012,"type":"farm_post_wood1"}
{"pos":[712.895386,-103.556046,46.5662041],"rotationMatrix":[-0.253570676,-0.967008054,0.0244401675,0.967297018,-0.253646493,2.98023224e-08,0.00619913451,0.0236409083,0.999701321],"scale":1.00000012,"type":"farm_post_wood1"}
{"pos":[713.562317,-100.888443,46.496769],"rotationMatrix":[-0.231471539,-0.972494721,0.0259837434,0.972823143,-0.23154974,-1.58324838e-08,0.00601654127,0.0252775811,0.99966234],"scale":1,"type":"farm_post_wood1"}
{"pos":[714.170776,-98.2072296,46.4237518],"rotationMatrix":[-0.210851908,-0.977143228,0.0270661861,0.977501333,-0.210929155,1.04308128e-07,0.00570894405,0.0264572557,0.99963367],"scale":1,"type":"farm_post_wood1"}
{"pos":[714.723633,-95.5142059,46.3482742],"rotationMatrix":[-0.191230536,-0.981153131,0.0277404822,0.981530905,-0.191304207,1.49011612e-08,0.00530685484,0.0272281393,0.999615133],"scale":1,"type":"farm_post_wood1"}
{"pos":[715.223877,-92.8108215,46.2711563],"rotationMatrix":[-0.172299385,-0.984634817,0.0284139886,0.985032499,-0.172368884,-9.31322575e-08,0.00489777792,0.0279886834,0.999596238],"scale":0.999999762,"type":"farm_post_wood1"}
{"pos":[715.672974,-90.0981674,46.1916618],"rotationMatrix":[-0.154024839,-0.987627208,0.0294760652,0.988056481,-0.154091716,-1.50874257e-07,0.00454216916,0.0291239955,0.999565482],"scale":1,"type":"farm_post_wood1"}
{"pos":[716.071289,-87.3774414,46.1086807],"rotationMatrix":[-0.13523531,-0.990329564,0.0309611112,0.990804613,-0.135300159,1.76951289e-08,0.00418902561,0.0306764171,0.9995206],"scale":1,"type":"farm_post_wood1"}
{"pos":[716.416687,-84.6501465,46.0216179],"rotationMatrix":[-0.115659952,-0.992771089,0.0320656896,0.993281901,-0.115719438,1.3038516e-08,0.00371061265,0.0318502709,0.999485791],"scale":1,"type":"farm_post_wood1"}
{"pos":[716.707031,-81.9170609,45.9322815],"rotationMatrix":[-0.0949653387,-0.994933307,0.0330039822,0.99547559,-0.0950170755,2.60770321e-08,0.00313591491,0.0328546651,0.999455214],"scale":0.999999881,"type":"farm_post_wood1"}
{"pos":[716.937927,-79.1779709,45.8395882],