{"pos":[-313.343933,240.150253,24.9612064],"rotationMatrix":[-0.825496554,-0.564407229,1.03935599e-06,0.564172149,-0.825152755,-0.0288602412,0.0162897855,-0.0238234401,0.999583483],"scale":0.99999994,"type":"farm_fence1"}
{"pos":[-311.817322,237.804459,24.9554939],"rotationMatrix":[-0.836808801,-0.547495246,-1.89524144e-06,0.547211409,-0.836374879,-0.0322010182,0.0176283196,-0.0269471314,0.99948144],"scale":1,"type":"farm_fence1"}
{"pos":[-310.303619,235.450394,24.9584866],"rotationMatrix":[-0.840654612,-0.541571796,8.01868737e-07,0.541528046,-0.840586782,-0.0127025377,0.00688001001,-0.0106780119,0.999919295],"scale":0.99999994,"type":"farm_fence1"}
{"pos":[-308.79953,233.090256,24.9594936],"rotationMatrix":[-0.842933893,-0.538017154,1.62981451e-07,0.537881136,-0.842720866,-0.0224838238,0.0120968204,-0.0189522896,0.999747217],"scale":1,"type":"farm_fence1"}
{"pos":[-307.302521,230.725601,24.9619465],"rotationMatrix":[-0.844564915,-0.535453141,7.10599124e-07,0.535393894,-0.844471455,-0.0148792639,0.00796774868,-0.012566125,0.999889314],"scale":0.99999994,"type":"farm_fence1"}
{"pos":[-305.811401,228.357193,24.9698334],"rotationMatrix":[-0.845898867,-0.533343196,1.68010592e-06,0.533127069,-0.84555614,-0.0284654982,0.0151833007,-0.0240780376,0.999594748],"scale":0.99999994,"type":"farm_fence1"}
{"pos":[-304.325623,225.985489,24.9732208],"rotationMatrix":[-0.847099781,-0.531433761,7.36210495e-07,0.531336963,-0.846945643,-0.0190809071,0.0101408623,-0.0161630437,0.999817967],"scale":1,"type":"farm_fence1"}
{"pos":[-302.845032,223.610565,24.9684715],"rotationMatrix":[-0.848252773,-0.529591382,-1.29500404e-06,0.529482782,-0.848078847,-0.0202537477,0.0107251145,-0.0171809867,0.9997949],"scale":0.99999994,"type":"farm_fence1"}
{"pos":[-301.369568,221.232346,24.9669342],"rotationMatrix":[-0.849422216,-0.527713895,8.56816769e-08,0.527368784,-0.848866582,-0.0361624211,0.0190834887,-0.0307171177,0.999345899],"scale":0.99999994,"type":"farm_fence1"}
{"pos":[-299.899872,218.850525,24.9849892],"rotationMatrix":[-0.850702643,-0.525647104,4.84660268e-06,0.525630414,-0.850675702,-0.00796580967,0.00419132784,-0.00677398778,0.99996829],"scale":0.99999994,"type":"farm_fence1"}
{"pos":[-298.43689,216.464767,25.0101376],"rotationMatrix":[-0.852189422,-0.523233414,6.02006912e-06,0.52321744,-0.852163434,-0.00780778192,0.00409042276,-0.0066505596,0.999969542],"scale":1,"type":"farm_fence1"}
{"pos":[-296.982422,214.073776,25.0267029],"rotationMatrix":[-0.854084253,-0.52013433,4.57372516e-06,0.519979715,-0.853830576,-0.0243760347,0.0126827192,-0.0208168142,0.999702871],"scale":1,"type":"farm_fence1"}
{"pos":[-295.539856,211.675583,25.0509453],"rotationMatrix":[-0.856739759,-0.515748918,6.20516948e-06,0.515738904,-0.856723189,-0.00623505842,0.00322104082,-0.00533862226,0.999980569],"scale":1,"type":"farm_fence1"}
{"pos":[-294.117615,209.265381,25.0758018],"rotationMatrix":[-0.861294746,-0.508105755,5.90994023e-06,0.508075476,-0.861243606,-0.0109003745,0.00554363243,-0.00938543305,0.999940574],"scale":1,"type":"farm_fence1"}
{"pos":[-292.75293,206.822144,25.0818748],"rotationMatrix":[-0.874842882,-0.484406918,1.21118501e-06,0.484184951,-0.874442101,-0.0302666388,0.0146624278,-0.0264779665,0.999541879],"scale":0.99999994,"type":"farm_fence1"}
{"pos":[-291.499664,204.319489,25.0983086],"rotationMatrix":[-0.894427776,-0.447212547,5.37885353e-06,0.447126776,-0.894256473,-0.0195706803,0.00875706412,-0.0175021533,0.99980849],"scale":0.99999994,"type":"farm_fence1"}
{"pos":[-290.346771,201.769516,25.1573753],"rotationMatrix":[-0.91143477,-0.411444545,1.53060537e-05,0.41141808,-0.911375761,0.0113748983,-0.00466619059,0.0103737749,0.999935329],"scale":0.99999994,"type":"farm_fence1"}
{"pos":[-289.291809,199.179779,25.2840462],"rotationMatrix":[-0.926307917,-0.376767755,3.42470594e-05,0.376713514,-0.926172972,0.0170518029,-0.00639285054,0.0158081185,0.999854624],"scale":0.99999994,"type":"farm_fence1"}
{"pos":[-288.33252,196.556213,25.4625359],"rotationMatrix":[-0.939361572,-0.342928588,4.45968471e-05,0.342718422,-0.938781381,0.0351277441,-0.0120044407,0.033012934,0.999382854],"scale":0.99999994,"type":"farm_fence1"}
{"pos":[-287.466797,193.903442,25.6819],"rotationMatrix":[-0.950809598,-0.309776366,5.76027669e-05,0.309403956,-0.949657321,0.0491968393,-0.0151853152,0.0467946455,0.998789072],"scale":0.99999994,"type":"farm_fence1"}
{"pos":[-286.692963,191.225693,25.9369125],"rotationMatrix":[-0.960820079,-0.277173072,6.44316897e-05,0.276608914,-0.958849669,0.0639925003,-0.0176752172,0.0615030974,0.997950375],"scale":0.99999994,"type":"farm_fence1"}
{"pos":[-286.009247,188.525223,26.208971],"rotationMatrix":[-0.969522476,-0.245002568,7.01500103e-05,0.244033992,-0.965664029,0.0891086236,-0.0217640996,0.0864099339,0.996021926],"scale":0.99999994,"type":"farm_fence1"}
{"pos":[-285.460632,185.796249,26.5012436],"rotationMatrix":[-0.981246948,-0.192754731,7.47647136e-05,0.192231819,-0.978556275,0.0739892796,-0.0141886221,0.0726161227,0.997259021],"scale":0.99999994,"type":"farm_fence1"}
{"pos":[-285.069,183.043091,26.8216343],"rotationMatrix":[-0.990065098,-0.140610501,8.31130892e-05,0.140012577,-0.985800266,0.0927067772,-0.012953613,0.0917973742,0.995693445],"scale":0.99999994,"type":"farm_fence1"}
{"pos":[-284.794312,180.277466,27.1535378],"rotationMatrix":[-0.995110273,-0.0987711996,8.51037912e-05,0.0981387943,-0.988640666,0.113835141,-0.0111594964,0.113286853,0.993499637],"scale":1,"type":"farm_fence1"}
{"pos":[-284.613983,177.506989,27.5089016],"rotationMatrix":[-0.99788332,-0.0650294796,9.15231649e-05,0.0647617206,-0.993644834,0.0920634046,-0.00589589402,0.0918744579,0.995753169],"scale":0.99999994,"type":"farm_fence1"}
{"pos":[-284.509552,174.734344,27.8760967],"rotationMatrix":[-0.999283433,-0.0378492028,9.31553077e-05,0.0376898274,-0.99484396,0.0941536278,-0.00347096473,0.094089672,0.995557666],"scale":0.99999994,"type":"farm_fence1"}
{"pos":[-284.465546,171.958267,28.2285461],"rotationMatrix":[-0.999868631,-0.0161986407,9.08055808e-05,0.0160970297,-0.992937684,0.117538847,-0.00181380543,0.117524885,0.993068278],"scale":0.99999994,"type":"farm_fence1"}
{"pos":[-284.468414,169.182678,28.5876102],"rotationMatrix":[-0.999999762,0.000540558773,9.18935984e-05,-0.000530029589,-0.995899677,0.0904621258,0.000140416916,0.0904620662,0.995899916],"scale":0.99999994,"type":"farm_fence1"}
{"pos":[-284.543365,166.40831,28.9473019],"rotationMatrix":[-0.999464273,0.0327295698,9.29881353e-05,-0.0325659253,-0.99474299,0.0970871598,0.00327012013,0.0970321149,0.995275855],"scale":1,"type":"farm_fence1"}
{"pos":[-284.759644,163.641693,29.3131161],"rotationMatrix":[-0.996988535,0.0775497854,9.4036106e-05,-0.0772051066,-0.992670178,0.0929817185,0.00730405841,0.092694439,0.995667815],"scale":0.99999994,"type":"farm_fence1"}
{"pos":[-285.06308,160.88356,29.6791496],"rotationMatrix":[-0.994057178,0.108858734,9.38316807e-05,-0.108379796,-0.989763737,0.0928521156,0.0102006355,0.0922901481,0.995679915],"scale":0.99999994,"type":"farm_fence1"}
{"pos":[-285.426727,158.131989,30.0391674],"rotationMatrix":[-0.991460681,0.130405903,9.39168967e-05,-0.129642814,-0.985736251,0.107316114,0.0140872318,0.106387533,0.994224966],"scale":0.99999994,"type":"farm_fence1"}
{"pos":[-285.830048,155.38504,30.3912048],"rotationMatrix":[-0.989497662,0.144548133,8.92970711e-05,-0.143563434,-0.982828498,0.115920275,0.0168438256,0.114690036,0.993258536],"scale":0.99999994,"type":"farm_fence1"}
{"pos":[-293.815247,146.198013,29.9909267],"rotationMatrix":[-0.426305413,0.904579341,-0.00012409687,-0.888401806,-0.418707132,-0.188219815,-0.170311719,-0.0801288709,0.982126892],"scale":1,"type":"farm_fence1"}
{"pos":[242.398132,-112.926392,26.9094181],"rotationMatrix":[0.00567084551,-0.999983907,3.68026085e-05,0.999905586,0.00567084551,0.0125170648,-0.0125170723,-3.41827981e-05,0.999921679],"scale":0.99999994,"type":"farm_fence1"}
{"pos":[245.159393,-112.876587,27.0516186],