{"pos":[675.751648,-165.82486,47.2513199],"rotationMatrix":[-0.559685826,-0.828703403,-0.00149069226,0.828704357,-0.559686422,4.19677235e-08,-0.000834355247,-0.00123531977,0.999998868],"scale":1,"type":"farm_fence_wire"}
{"pos":[677.29126,-163.54512,47.2556305],"rotationMatrix":[-0.5596174,-0.828751028,3.8385424e-05,0.828751028,-0.5596174,-1.65149686e-07,2.16180233e-05,3.17195409e-05,1],"scale":0.999999821,"type":"farm_fence_wire"}
{"pos":[678.830444,-161.265625,47.2548904],"rotationMatrix":[-0.55968225,-0.828707278,0.000332595198,0.828707278,-0.55968225,5.72908903e-08,0.000186100151,0.000275656115,0.99999994],"scale":0.99999994,"type":"farm_fence_wire"}
{"pos":[680.36969,-158.986252,47.2539673],"rotationMatrix":[-0.559825182,-0.828610659,-3.40352562e-05,0.828610659,-0.559825182,-2.02720003e-07,-1.88858194e-05,-2.83154623e-05,1],"scale":0.99999994,"type":"farm_fence_wire"}
{"pos":[681.909424,-156.707077,47.2540512],"rotationMatrix":[-0.559689879,-0.828701973,-0.000396940217,0.828702092,-0.559689999,-4.11819201e-09,-0.00022216003,-0.000328947499,0.99999994],"scale":0.99999994,"type":"farm_fence_wire"}
{"pos":[683.448792,-154.427887,47.2551346],"rotationMatrix":[-0.559631705,-0.828741252,-0.000759632851,0.828741491,-0.559631824,3.37022357e-08,-0.000425142527,-0.000629520335,0.999999702],"scale":0.999999762,"type":"farm_fence_wire"}
{"pos":[684.987915,-152.148438,47.2572021],"rotationMatrix":[-0.559753537,-0.828658283,-0.00113869912,0.828658879,-0.559753895,1.23400241e-08,-0.000637401477,-0.00094358623,0.999999344],"scale":0.99999994,"type":"farm_fence_wire"}
{"pos":[686.528076,-149.868561,47.2605209],"rotationMatrix":[-0.559682131,-0.828706741,-0.00100696553,0.828707218,-0.559682369,-1.3213139e-08,-0.000563569949,-0.000834486913,0.999999464],"scale":0.999999821,"type":"farm_fence_wire"}
{"pos":[688.067383,-147.589157,47.2632942],"rotationMatrix":[-0.559693456,-0.82869935,-0.000702585268,0.828699589,-0.559693694,-2.3728353e-07,-0.00039303588,-0.00058236497,0.999999762],"scale":0.99999994,"type":"farm_fence_wire"}
{"pos":[689.607239,-145.309387,47.2652206],"rotationMatrix":[-0.559666276,-0.828717887,-0.000467739534,0.828718007,-0.559666395,-3.65107553e-08,-0.00026174786,-0.000387644628,0.999999881],"scale":0.999999821,"type":"farm_fence_wire"}
{"pos":[691.146362,-143.030243,47.2664948],"rotationMatrix":[-0.559750319,-0.828661203,-0.000278503838,0.828661203,-0.559750319,8.04720912e-08,-0.000155959307,-0.000230740305,0.99999994],"scale":0.999999881,"type":"farm_fence_wire"}
{"pos":[692.686157,-140.75058,47.2672386],"rotationMatrix":[-0.559707165,-0.828690469,-0.000148693711,0.828690469,-0.559707165,-1.27329258e-08,-8.32143778e-05,-0.000123228179,1],"scale":0.99999994,"type":"farm_fence_wire"}
{"pos":[694.226318,-138.471588,47.2675629],"rotationMatrix":[-0.559553027,-0.828794539,-0.000277971732,0.828794539,-0.559553027,-9.74541763e-08,-0.000155459158,-0.000230435995,0.99999994],"scale":1,"type":"farm_fence_wire"}
{"pos":[695.765442,-136.192261,47.2683449],"rotationMatrix":[-0.559657216,-0.828723967,-0.000438017101,0.828724086,-0.559657335,-1.00713805e-07,-0.000245056028,-0.000363051717,0.999999881],"scale":0.99999994,"type":"farm_fence_wire"}
{"pos":[697.304932,-133.912643,47.2695694],"rotationMatrix":[-0.55971849,-0.828682601,-0.000486791192,0.828682721,-0.559718609,-2.30647856e-08,-0.000272446952,-0.000403408369,0.999999881],"scale":0.999999821,"type":"farm_fence_wire"}
{"pos":[698.84436,-131.632935,47.2709465],"rotationMatrix":[-0.559657812,-0.828723609,-0.000402985548,0.828723729,-0.559657931,-1.0128133e-07,-0.000225450131,-0.000334020384,0.99999994],"scale":0.999999821,"type":"farm_fence_wire"}
{"pos":[700.384277,-129.353012,47.2720718],"rotationMatrix":[-0.559674025,-0.828712702,-0.000167984414,0.828712702,-0.559674025,-1.1666998e-07,-9.39198508e-05,-0.000139276119,1],"scale":0.999999821,"type":"farm_fence_wire"}
{"pos":[701.923462,-127.073181,47.2726059],"rotationMatrix":[-0.559792995,-0.828632414,0.00018142804,0.828632414,-0.559792995,-6.48287823e-09,0.00010156753,0.000150333537,1],"scale":0.99999994,"type":"farm_fence_wire"}
{"pos":[703.463623,-124.7929,47.2722511],"rotationMatrix":[-0.559798002,-0.8286286,0.000867802475,0.828628957,-0.559798121,-1.77533366e-08,0.000485808996,0.000719076372,0.999999642],"scale":0.99999994,"type":"farm_fence_wire"}
{"pos":[705.005859,-122.514481,47.270401],"rotationMatrix":[-0.558139086,-0.829743564,0.00255490188,0.829746306,-0.558140874,7.22939149e-08,0.00142593496,0.00211996073,0.999996722],"scale":0.99999994,"type":"farm_fence_wire"}
{"pos":[706.542725,-120.224014,47.2630386],"rotationMatrix":[-0.480739832,-0.876825452,0.00814514235,0.876854539,-0.480755806,6.12344593e-08,0.00391577045,0.00714213401,0.9999668],"scale":0.999999821,"type":"farm_fence_wire"}
{"pos":[707.864197,-117.806274,47.2403412],"rotationMatrix":[-0.421488047,-0.906758785,0.011675938,0.906820655,-0.421516776,4.19095159e-08,0.00492156576,0.0105879987,0.999931812],"scale":0.99999994,"type":"farm_fence_wire"}
{"pos":[709.023743,-115.307625,47.2081261],"rotationMatrix":[-0.37481916,-0.926992893,0.0139569379,0.927083135,-0.374855757,8.24220479e-08,0.00523176091,0.0129392724,0.999902606],"scale":0.99999994,"type":"farm_fence_wire"}
{"pos":[710.05542,-112.754486,47.1698647],"rotationMatrix":[-0.337177396,-0.941298425,0.0163884349,0.941424906,-0.337222695,-1.40629709e-07,0.00552668562,0.0154284332,0.999865711],"scale":0.99999994,"type":"farm_fence_wire"}
{"pos":[710.983398,-110.162491,47.1249237],"rotationMatrix":[-0.305637002,-0.951955616,0.0191455651,0.952130139,-0.30569303,1.58324838e-08,0.00585265085,0.0182290748,0.999816716],"scale":0.999999762,"type":"farm_fence_wire"}
{"pos":[711.824707,-107.541191,47.0723877],"rotationMatrix":[-0.278027296,-0.960316062,0.0222248808,0.960553288,-0.278095961,4.65661287e-09,0.0061806431,0.0213481858,0.999752998],"scale":1,"type":"farm_fence_wire"}
{"pos":[712.590149,-104.89769,47.0109825],"rotationMatrix":[-0.253570676,-0.967008054,0.0244401656,0.967297018,-0.253646493,2.79396772e-08,0.00619913545,0.0236409064,0.999701321],"scale":1,"type":"farm_fence_wire"}
{"pos":[713.287964,-102.236023,46.9436722],"rotationMatrix":[-0.231471539,-0.972494721,0.0259837434,0.972823143,-0.23154974,-1.49011612e-08,0.00601654034,0.0252775829,0.99966234],"scale":0.99999994,"type":"farm_fence_wire"}
{"pos":[713.925049,-99.5598297,46.8721428],"rotationMatrix":[-0.210851908,-0.977143228,0.0270661861,0.977501333,-0.210929155,1.06170774e-07,0.00570894312,0.0264572576,0.99963367],"scale":1,"type":"farm_fence_wire"}
{"pos":[714.505066,-96.87117,46.7975922],"rotationMatrix":[-0.191230536,-0.981153131,0.0277404822,0.981530905,-0.191304207,1.76951289e-08,0.00530685205,0.0272281393,0.999615133],"scale":0.99999994,"type":"farm_fence_wire"}
{"pos":[715.031555,-94.1714478,46.7213974],"rotationMatrix":[-0.172299385,-0.984634697,0.0284139849,0.98503238,-0.172368884,-9.49949026e-08,0.00489778165,0.0279886797,0.999596238],"scale":0.999999702,"type":"farm_fence_wire"}
{"pos":[715.505981,-91.4616547,46.643364],"rotationMatrix":[-0.154024839,-0.987627208,0.0294760633,0.988056481,-0.154091716,-1.53668225e-07,0.00454217009,0.0291239955,0.999565482],"scale":0.99999994,"type":"farm_fence_wire"}
{"pos":[715.930298,-88.7431717,46.5624199],"rotationMatrix":[-0.135235667,-0.990329623,0.0309611112,0.990804672,-0.135300517,1.49011612e-08,0.00418903586,0.0306764152,0.9995206],"scale":1,"type":"farm_fence_wire"}
{"pos":[716.302734,-86.0178986,46.4768753],"rotationMatrix":[-0.115659952,-0.992771089,0.0320656896,0.993281901,-0.115719438,9.31322575e-09,0.00371061545,0.0318502709,0.999485791],"scale":0.99999994,"type":"farm_fence_wire"}
{"pos":[716.621582,-83.2864609,46.3888283],"rotationMatrix":[-0.0949653387,-0.994933426,0.0330039859,0.995475709,-0.0950170755,2.42143869e-08,0.00313591678,0.0328546688,0.999455214],"scale":0.999999821,"type":"farm_fence_wire"}
{"pos":[716.883911,-80.5482635,46.2982292],