{"pos":[254.635773,63.4432983,30.568634],"rotationMatrix":[0.343946159,0.938989341,8.52160156e-08,-0.938896596,0.343912184,-0.0140557475,-0.0131982286,0.00483434042,0.999901235],"scale":0.999999881,"type":"fence_pedestrian"}
{"pos":[256.445343,62.7993469,30.5963154],"rotationMatrix":[0.327929318,0.944702268,1.27125531e-07,-0.944607615,0.327896476,-0.014154627,-0.01337195,0.00464159716,0.999899805],"scale":0.999999881,"type":"fence_pedestrian"}
{"pos":[258.263153,62.173645,30.6204185],"rotationMatrix":[0.326412499,0.945227504,7.7765435e-08,-0.945165873,0.32639122,-0.0114148371,-0.0107896421,0.00372587214,0.999934852],"scale":0.99999994,"type":"fence_pedestrian"}
{"pos":[260.072418,61.5285034,30.642334],"rotationMatrix":[0.350184917,0.936680555,-1.86264515e-09,-0.936619759,0.350162148,-0.0113970488,-0.010675394,0.00399107533,0.999935031],"scale":0.999999881,"type":"fence_pedestrian"}
{"pos":[261.855927,60.8123779,30.6623611],"rotationMatrix":[0.398060083,0.917359352,-3.0733645e-08,-0.917319536,0.398042858,-0.00931135565,-0.00854184665,0.00370650762,0.999956667],"scale":1,"type":"fence_pedestrian"}
{"pos":[263.594177,59.9945374,30.6794109],"rotationMatrix":[0.453239083,0.891388953,9.77888703e-09,-0.891355574,0.453222096,-0.0086595295,-0.00771901384,0.00392482802,0.999962509],"scale":0.99999994,"type":"fence_pedestrian"}
{"pos":[265.282074,59.0761414,30.6948509],"rotationMatrix":[0.500907898,0.865500569,6.91507012e-08,-0.865478396,0.500895023,-0.00716022402,-0.0061972132,0.00358655234,0.99997437],"scale":0.99999994,"type":"fence_pedestrian"}
{"pos":[266.930084,58.0877991,30.7070198],"rotationMatrix":[0.518469691,0.855096042,-5.7509169e-08,-0.855081141,0.518460631,-0.00590458047,-0.00504895393,0.00306139514,0.999982595],"scale":0.99999994,"type":"fence_pedestrian"}
{"pos":[268.571655,57.0892029,30.7176437],"rotationMatrix":[0.521177173,0.85344851,-9.45292413e-08,-0.853437304,0.521170259,-0.00512086507,-0.00437034573,0.00266895862,0.999986887],"scale":0.999999881,"type":"fence_pedestrian"}
{"pos":[270.209442,56.0840454,30.7264786],"rotationMatrix":[0.525200129,0.850978792,-8.61473382e-09,-0.850971878,0.525195837,-0.00402939413,-0.00342892413,0.00211624568,0.999991894],"scale":0.99999994,"type":"fence_pedestrian"}
{"pos":[271.841614,55.0700073,30.7334251],"rotationMatrix":[0.530480087,0.847697377,-1.82189979e-07,-0.847693086,0.530477405,-0.00319843693,-0.00271120993,0.0016968617,0.999994874],"scale":0.99999994,"type":"fence_pedestrian"}
{"pos":[273.466797,54.0444946,30.7385025],"rotationMatrix":[0.537032366,0.843561649,2.01398507e-08,-0.843559861,0.537031293,-0.00203107996,-0.00171335193,0.00109073869,0.999997914],"scale":0.999999881,"type":"fence_pedestrian"}
{"pos":[275.08316,53.0051575,30.741066],"rotationMatrix":[0.544888973,0.838508248,6.68514986e-08,-0.838507891,0.544888735,-0.000857427134,-0.000718996162,0.000467146514,0.999999642],"scale":0.99999994,"type":"fence_pedestrian"}
{"pos":[276.688416,51.9496765,30.7425461],"rotationMatrix":[0.554148197,0.832417965,-2.83325789e-08,-0.832417846,0.554148138,-0.000537225918,-0.000447180879,0.000297726365,0.999999881],"scale":0.99999994,"type":"fence_pedestrian"}
{"pos":[278.281281,50.8746033,30.7425728],"rotationMatrix":[0.564953327,0.825122833,1.41299097e-07,-0.825122714,0.564953208,0.000648445624,0.000534967403,-0.000366458145,0.999999762],"scale":0.999999881,"type":"fence_pedestrian"}
{"pos":[-107.756752,244.548233,39.524826],"rotationMatrix":[1.78813934e-07,-0.99999994,6.4673511e-09,0.99999994,1.78813934e-07,-6.46735288e-09,6.46735199e-09,6.46735199e-09,1],"scale":1,"type":"fence_pedestrian"}
{"pos":[307.872681,92.8754272,26.4309807],"rotationMatrix":[0.620390654,0.784269214,-0.00609618239,-0.784291863,0.620358169,-0.00648504123,-0.00130420155,0.00880444515,0.999960363],"scale":1,"type":"fence_pedestrian"}
{"pos":[309.440979,91.662262,26.4438381],"rotationMatrix":[0.620770693,0.783816993,0.016569728,-0.78389591,0.620887041,-0.00254837377,-0.0122853881,-0.011406986,0.999859452],"scale":0.999999881,"type":"fence_pedestrian"}
{"pos":[311.012909,90.4533691,26.4527588],"rotationMatrix":[0.6030792,0.797677636,-0.00242593908,-0.797656059,0.603081465,0.0061197402,0.00634461921,-0.00175562245,0.999978304],"scale":0.999999881,"type":"fence_pedestrian"}
{"pos":[312.587952,89.2488098,26.4578438],"rotationMatrix":[0.617228627,0.786659479,-0.0139902346,-0.78670907,0.617317498,0.00280776503,0.0108451713,0.00927321147,0.999898195],"scale":1,"type":"fence_pedestrian"}
{"pos":[-107.740433,244.548233,39.5318375],"rotationMatrix":[-0.00433325768,-0.999982715,-0.00398998521,0.999968886,-0.00435948372,0.00658129854,-0.00659857877,-0.00396134192,0.999970376],"scale":1,"type":"fence_pedestrian"}
{"pos":[-107.740433,244.548233,39.5318375],"rotationMatrix":[0.0161523819,-0.999780893,0.0133172572,0.999854207,0.0160769224,-0.00575304031,0.00553767895,0.0134082418,0.999894798],"scale":1,"type":"fence_pedestrian"}
{"pos":[156.427399,-421.198303,32.8009796],"rotationMatrix":[-0.759184957,-0.650872409,-0.00184045173,0.649097025,-0.757316828,0.07172364,-0.0480767488,0.053256873,0.997422874],"scale":0.99999994,"type":"fence_pedestrian"}
{"pos":[155.105042,-419.737579,32.6508636],"rotationMatrix":[-0.740059137,-0.672539949,0.00151696987,0.671320558,-0.738577724,0.0618982576,-0.0405086502,0.0468267538,0.998081326],"scale":1.00000012,"type":"fence_pedestrian"}
{"pos":[153.753967,-418.303558,32.5421829],"rotationMatrix":[-0.728610754,-0.684836507,-0.0111904703,0.683322072,-0.727923632,0.0565513745,-0.0468742549,0.0335572436,0.998336971],"scale":0.99999994,"type":"fence_pedestrian"}
{"pos":[152.392639,-416.878906,32.4253998],"rotationMatrix":[-0.712130904,-0.701840639,-0.0170072112,0.700263619,-0.711839199,0.0539974272,-0.0500039905,0.0265437067,0.998396218],"scale":1.00000012,"type":"fence_pedestrian"}
{"pos":[151.022064,-415.462463,32.2950439],"rotationMatrix":[-0.726813555,-0.686828256,0.00300771184,0.686315179,-0.726086378,0.0420724042,-0.026712656,0.0326430313,0.999110043],"scale":0.99999994,"type":"fence_pedestrian"}
{"pos":[149.640625,-414.05603,32.1889267],"rotationMatrix":[-0.721345305,-0.692418396,0.0147502525,0.691741526,-0.719268441,0.0643919408,-0.0339767709,0.056652192,0.997815669],"scale":1.00000012,"type":"fence_pedestrian"}
{"pos":[148.246582,-412.661316,32.1027298],"rotationMatrix":[-0.696352601,-0.717512846,0.0163812581,0.71727109,-0.694966555,0.0504355654,-0.0248037409,0.0468707383,0.998592973],"scale":1,"type":"fence_pedestrian"}
{"pos":[146.839081,-411.280945,31.9993134],"rotationMatrix":[-0.708122492,-0.70606941,-0.00535583869,0.704689205,-0.707175136,0.0575904101,-0.0444503389,0.037006855,0.998325944],"scale":1,"type":"fence_pedestrian"}
{"pos":[145.414917,-409.919403,31.9036427],"rotationMatrix":[-0.676797152,-0.736099482,-0.0101479497,0.734192371,-0.675925016,0.0639286861,-0.0539171249,0.0358162113,0.99790287],"scale":0.99999994,"type":"fence_pedestrian"}
{"pos":[143.97049,-408.577942,31.8021297],"rotationMatrix":[-0.664402485,-0.747197151,0.0162984282,0.746912718,-0.663066864,0.0496351607,-0.0262803063,0.0451512299,0.998634398],"scale":1,"type":"fence_pedestrian"}
{"pos":[142.50528,-407.257904,31.7142372],"rotationMatrix":[-0.652589798,-0.757626235,0.0113577945,0.757386267,-0.651797414,0.0390675217,-0.0221956,0.0340973064,0.999172032],"scale":1,"type":"fence_pedestrian"}
{"pos":[141.01947,-405.960266,31.6086655],"rotationMatrix":[-0.664073825,-0.747641206,-0.00622884557,0.745707512,-0.662913084,0.0668328032,-0.0540961362,0.039737016,0.997744739],"scale":1.00000012,"type":"fence_pedestrian"}
{"pos":[139.513977,-404.68512,31.5169582],"rotationMatrix":[-0.65042007,-0.759460986,-0.0131425522,0.757911623,-0.65004313,0.0548993722,-0.0502371602,0.0257467628,0.998405397],"scale":1,"type":"fence_pedestrian"}
{"pos":[137.987488,-403.445221,31.4231396],"rotationMatrix":[-0.610486627,-0.791849017,0.0167722702,0.790938497,-0.608401537,0.0652990267,-0.0415026955,0.0531300157,0.997724771],"scale":1,