{"pos":[-383.89325,141.322556,28.5149536],"rotationMatrix":[-0.0351930857,0.997101486,-0.0674540699,-0.999377668,-0.0352734327,7.4505806e-09,-0.00237932801,0.0674120933,0.997722387],"scale":1,"type":"hr_guardrail_endcap_R"}
