{"pos":[9.73522949,490.913757,183.232513],"rotationMatrix":[-0.429087877,-0.903262794,0,0.903262794,-0.429087877,0,0,0,1],"scale":1.02678251,"type":"lush_ferns_01_a"}
{"pos":[8.89650536,494.478821,184.561157],"rotationMatrix":[0.66695118,-0.745101452,0,0.745101452,0.66695118,0,0,0,1],"scale":1.14075875,"type":"lush_ferns_01_a"}
{"pos":[12.9901342,496.092926,184.684769],"rotationMatrix":[0.530397058,-0.847749233,0,0.847749233,0.530397058,0,0,0,1],"scale":1.15059888,"type":"lush_ferns_01_a"}
{"pos":[7.3917098,493.375122,183.841019],"rotationMatrix":[0.438306004,0.898825884,0,-0.898825884,0.438306004,0,0,0,1],"scale":0.999570787,"type":"lush_ferns_01_a"}
