{"pos":[6.88754845,499.931671,186.184341],"rotationMatrix":[0.889433026,0.457065523,0,-0.457065523,0.889433026,0,0,0,1],"scale":0.994484901,"type":"lush_ferns_01_b"}
{"pos":[7.08860874,499.152252,186.090515],"rotationMatrix":[0.0176565368,0.999844074,0,-0.999844074,0.0176565368,0,0,0,1],"scale":1.05087721,"type":"lush_ferns_01_b"}
{"pos":[9.80076218,492.324036,183.888947],"rotationMatrix":[-0.993636489,0.112634122,0,-0.112634122,-0.993636489,0,0,0,1],"scale":1.18131268,"type":"lush_ferns_01_b"}
