{"pos":[11.3963785,491.819641,183.87175],"rotationMatrix":[0.787104845,-0.616819203,0,0.616819203,0.787104845,0,0,0,1],"scale":1.27144575,"type":"lush_ferns_02_b"}
{"pos":[5.33856964,496.249542,183.596634],"rotationMatrix":[0.289144665,-0.957285404,0,0.957285404,0.289144665,0,0,0,1],"scale":1.13983142,"type":"lush_ferns_02_b"}
{"pos":[8.97764778,498.241119,185.476929],"rotationMatrix":[-0.99944967,-0.0331704877,0,0.0331704877,-0.99944967,0,0,0,1],"scale":1.18560719,"type":"lush_ferns_02_b"}
{"pos":[11.2675896,495.282928,185.011185],"rotationMatrix":[0.640404046,-0.768038273,0,0.768038273,0.640404046,0,0,0,1],"scale":1.26346445,"type":"lush_ferns_02_b"}
