{"pos":[-96.1978455,519.90625,142.837067],"rotationMatrix":[-0.542075396,-0.840329766,0,0.840329766,-0.542075396,0,0,0,1],"scale":1.1789788,"type":"oak_beech_wallblocker_long"}
{"pos":[-99.3059082,505.965881,137.72081],"rotationMatrix":[0.674800396,0.738000393,0,-0.738000393,0.674800396,0,0,0,1],"scale":0.807468951,"type":"oak_beech_wallblocker_long"}
{"pos":[-105.660522,515.00116,139.018539],"rotationMatrix":[-0.73537755,0.677657485,0,-0.677657485,-0.73537755,0,0,0,1],"scale":0.930463314,"type":"oak_beech_wallblocker_long"}
{"pos":[-29.514267,522.694763,180.382446],"rotationMatrix":[0.437054902,-0.899434805,0,0.899434805,0.437054902,0,0,0,1],"scale":0.979163766,"type":"oak_beech_wallblocker_long"}
{"pos":[-36.5452271,527.388062,173.146057],"rotationMatrix":[-0.546072245,-0.837738037,0,0.837738037,-0.546072245,0,0,0,1],"scale":0.914851904,"type":"oak_beech_wallblocker_long"}
{"pos":[-32.1930656,534.129211,174.670456],"rotationMatrix":[0.971844792,-0.235622004,0,0.235622004,0.971844792,0,0,0,1],"scale":0.921050787,"type":"oak_beech_wallblocker_long"}
{"pos":[-26.280798,495.585266,180.131836],"rotationMatrix":[-0.636642635,0.771158814,0,-0.771158814,-0.636642635,0,0,0,1],"scale":0.872495353,"type":"oak_beech_wallblocker_long"}
{"pos":[-46.6588669,517.432434,169.86554],"rotationMatrix":[-0.999675632,0.0254659224,0,-0.0254659224,-0.999675632,0,0,0,1],"scale":0.978670835,"type":"oak_beech_wallblocker_long"}
{"pos":[-36.940731,504.128082,176.232956],"rotationMatrix":[0.161530077,-0.986867785,0,0.986867785,0.161530077,0,0,0,1],"scale":0.840079367,"type":"oak_beech_wallblocker_long"}
{"pos":[-69.8581467,556.015686,170.131317],"rotationMatrix":[0.641798317,-0.766873538,0,0.766873538,0.641798317,0,0,0,1],"scale":0.862426877,"type":"oak_beech_wallblocker_long"}
{"pos":[-71.5606079,554.759583,167.121201],"rotationMatrix":[-0.9987486,0.0500108786,0,-0.0500108786,-0.9987486,0,0,0,1],"scale":0.859344304,"type":"oak_beech_wallblocker_long"}
{"pos":[-49.7820511,485.251343,155.94606],"rotationMatrix":[0.981828451,0.189770862,0,-0.189770862,0.981828451,0,0,0,1],"scale":1.15879142,"type":"oak_beech_wallblocker_long"}
{"pos":[-97.9713364,480.736176,115.624268],"rotationMatrix":[0.99080348,-0.135308683,0,0.135308683,0.99080348,0,0,0,1],"scale":1.00805104,"type":"oak_beech_wallblocker_long"}
{"pos":[-28,446.191864,146.048309],"rotationMatrix":[0.770807028,0.63706857,0,-0.63706857,0.770807028,0,0,0,1],"scale":1.17169118,"type":"oak_beech_wallblocker_long"}
{"pos":[-45.9581528,426.848053,126.211166],"rotationMatrix":[0.62876761,-0.777593195,0,0.777593195,0.62876761,0,0,0,1],"scale":0.893444538,"type":"oak_beech_wallblocker_long"}
{"pos":[327.171448,426.669189,145.671677],"rotationMatrix":[0.584693611,0.811254263,0,-0.811254263,0.584693611,0,0,0,1],"scale":1.17472458,"type":"oak_beech_wallblocker_long"}
{"pos":[240.022659,486.197052,193.346283],"rotationMatrix":[-0.181196183,0.983446956,0,-0.983446956,-0.181196183,0,0,0,1],"scale":1.08996964,"type":"oak_beech_wallblocker_long"}
{"pos":[271.623169,509.971527,192.001724],"rotationMatrix":[0.411940515,-0.911210716,0,0.911210716,0.411940515,0,0,0,1],"scale":0.976542711,"type":"oak_beech_wallblocker_long"}
