{"pos":[252.757263,64.1343536,28.6512794],"rotationMatrix":[0.802701354,-0.596381247,0,0.596381247,0.802701354,0,0,0,1],"scale":1,"type":"pole_metal1"}
{"pos":[-322.843689,245.695007,24.9008675],"rotationMatrix":[0.21444881,-0.976735175,0,0.976735175,0.21444881,0,0,0,1],"scale":1,"type":"pole_metal1"}
{"pos":[-320.490692,242.020111,25.1708622],"rotationMatrix":[0.21444881,-0.976735175,0,0.976735175,0.21444881,0,0,0,1],"scale":1,"type":"pole_metal1"}
{"pos":[-316.796173,244.297821,25.1708622],"rotationMatrix":[0.21444881,-0.976735175,0,0.976735175,0.21444881,0,0,0,1],"scale":1,"type":"pole_metal1"}
{"pos":[-319.087311,248.000122,24.8806648],"rotationMatrix":[0.21444881,-0.976735175,0,0.976735175,0.21444881,0,0,0,1],"scale":1,"type":"pole_metal1"}
{"pos":[120.454605,-104.864456,25.6069088],"rotationMatrix":[0.920063794,-0.391768545,0,0.391768545,0.920063794,0,0,0,1],"scale":1,"type":"pole_metal1"}
{"pos":[116.109818,-104.583725,25.3167095],"rotationMatrix":[0.920063794,-0.391768545,0,0.391768545,0.920063794,0,0,0,1],"scale":1,"type":"pole_metal1"}
{"pos":[49.9414558,24.3127327,25.6808147],"rotationMatrix":[0.999999583,0.000929268077,0,-0.000929268077,0.999999583,0,0,0,1],"scale":1,"type":"pole_metal1"}
{"pos":[52.6815605,25.1676579,25.8721294],"rotationMatrix":[0.999999583,0.000929268077,0,-0.000929268077,0.999999583,0,0,0,1],"scale":1,"type":"pole_metal1"}
{"pos":[53.5291824,22.4348812,25.8721294],"rotationMatrix":[0.999999583,0.000929268077,0,-0.000929268077,0.999999583,0,0,0,1],"scale":1,"type":"pole_metal1"}
{"pos":[50.7964172,21.5358887,25.6941319],"rotationMatrix":[0.999999583,0.000929268077,0,-0.000929268077,0.999999583,0,0,0,1],"scale":1,"type":"pole_metal1"}
{"pos":[45.9487267,22.8758106,25.8296356],"rotationMatrix":[0.0360241532,-0.999350905,0,0.999350905,0.0360241532,0,0,0,1],"scale":1,"type":"pole_metal1"}
{"pos":[46.9430504,20.1762791,26.0076332],"rotationMatrix":[0.0360241532,-0.999350905,0,0.999350905,0.0360241532,0,0,0,1],"scale":1,"type":"pole_metal1"}
{"pos":[49.6444511,21.119297,26.0076332],"rotationMatrix":[0.0360241532,-0.999350905,0,0.999350905,0.0360241532,0,0,0,1],"scale":1,"type":"pole_metal1"}
{"pos":[48.6938858,23.8277245,25.8163185],"rotationMatrix":[0.0360241532,-0.999350905,0,0.999350905,0.0360241532,0,0,0,1],"scale":1,"type":"pole_metal1"}
{"pos":[29.5412312,16.855484,26.2918339],"rotationMatrix":[0.999892175,0.0146845384,0,-0.0146845384,0.999892175,0,0,0,1],"scale":1,"type":"pole_metal1"}
{"pos":[31.0337029,12.7799883,26.2918339],"rotationMatrix":[0.999892175,0.0146845384,0,-0.0146845384,0.999892175,0,0,0,1],"scale":1,"type":"pole_metal1"}
{"pos":[30.252861,17.0884743,26.5027199],"rotationMatrix":[0.976022005,-0.217667669,-0.001370318,0.217667878,0.976022899,9.37854929e-06,0.00133542041,-0.000307427894,0.999999046],"scale":1,"type":"pole_metal1"}
{"pos":[32.318634,11.6491489,26.4986343],"rotationMatrix":[0.976022005,-0.217667669,-0.001370318,0.217667878,0.976022899,9.37854929e-06,0.00133542041,-0.000307427894,0.999999046],"scale":1,"type":"pole_metal1"}
{"pos":[37.719841,13.7165995,26.4965458],"rotationMatrix":[0.976022005,-0.217667669,-0.001370318,0.217667878,0.976022899,9.37854929e-06,0.00133542041,-0.000307427894,0.999999046],"scale":1,"type":"pole_metal1"}
{"pos":[35.6438522,19.1313686,26.5012741],"rotationMatrix":[0.976022005,-0.217667669,-0.001370318,0.217667878,0.976022899,9.37854929e-06,0.00133542041,-0.000307427894,0.999999046],"scale":1,"type":"pole_metal1"}
{"pos":[-227.995529,357.266113,27.5833092],"rotationMatrix":[0.698525369,-0.715585291,0,0.715585291,0.698525369,0,0,0,1],"scale":1,"type":"pole_metal1"}
{"pos":[-225.44455,355.936188,27.7613068],"rotationMatrix":[0.698525369,-0.715585291,0,0.715585291,0.698525369,0,0,0,1],"scale":1,"type":"pole_metal1"}
{"pos":[-224.078766,358.450378,27.7613068],"rotationMatrix":[0.698525369,-0.715585291,0,0.715585291,0.698525369,0,0,0,1],"scale":1,"type":"pole_metal1"}
{"pos":[-226.603302,359.816315,27.5699921],"rotationMatrix":[0.698525369,-0.715585291,0,0.715585291,0.698525369,0,0,0,1],"scale":1,"type":"pole_metal1"}
