{"pos":[-453.186279,293.856171,26.6832352],"rotationMatrix":[0.543156266,-0.839631617,0,0.839631617,0.543156266,0,0,0,1],"scale":1,"type":"railing_pipe1"}
{"pos":[-451.339539,291.001434,26.6866894],"rotationMatrix":[0.543156266,-0.839631617,0,0.839631617,0.543156266,0,0,0,1],"scale":1,"type":"railing_pipe1"}
{"pos":[-447.623871,285.257629,26.6866894],"rotationMatrix":[0.543156266,-0.839631617,0,0.839631617,0.543156266,0,0,0,1],"scale":1,"type":"railing_pipe1"}
{"pos":[-449.470612,288.112366,26.6832352],"rotationMatrix":[0.543156266,-0.839631617,0,0.839631617,0.543156266,0,0,0,1],"scale":1,"type":"railing_pipe1"}
{"pos":[-443.910461,279.517303,26.6866894],"rotationMatrix":[0.543156266,-0.839631617,0,0.839631617,0.543156266,0,0,0,1],"scale":1,"type":"railing_pipe1"}
{"pos":[-445.757202,282.37204,26.6832352],"rotationMatrix":[0.543156266,-0.839631617,0,0.839631617,0.543156266,0,0,0,1],"scale":1,"type":"railing_pipe1"}
{"pos":[-456.562317,299.075043,26.6866894],"rotationMatrix":[0.543156266,-0.839631617,0,0.839631617,0.543156266,0,0,0,1],"scale":1,"type":"railing_pipe1"}
{"pos":[-351.677002,231.42395,25.1241531],"rotationMatrix":[0.851321697,0.5246436,0.000661844038,-0.52463907,0.851318419,-0.00328968046,-0.00228934968,0.0024533472,0.999994397],"scale":1,"type":"railing_pipe1"}
{"pos":[-345.783569,235.073074,25.1284103],"rotationMatrix":[0.851321459,0.524644077,0.000578590727,-0.524638355,0.851316512,-0.00385054899,-0.00251273159,0.00297450414,0.99999243],"scale":1,"type":"railing_pipe1"}
{"pos":[-348.73877,233.232086,25.1264267],"rotationMatrix":[0.851321042,0.524644911,0.00048717414,-0.524636924,0.851312518,-0.00480554765,-0.00293594366,0.00383547437,0.999988317],"scale":1,"type":"railing_pipe1"}
{"pos":[-336.937164,240.537491,25.1368484],"rotationMatrix":[0.851322949,0.524640381,0.00128908141,-0.524640381,0.851323843,-0.000392547139,-0.00130337186,-0.000342119805,0.999999106],"scale":1,"type":"railing_pipe1"}
{"pos":[-333.981964,242.378479,25.140892],"rotationMatrix":[0.851321936,0.524642646,0.00104605779,-0.524639547,0.851321459,-0.00225356943,-0.00207285024,0.00136970973,0.999996901],"scale":1,"type":"railing_pipe1"}
{"pos":[-339.875397,238.729355,25.1343002],"rotationMatrix":[0.851321578,0.52464354,0.000838172971,-0.524638772,0.851319015,-0.00318248477,-0.00238322234,0.00226958003,0.999994576],"scale":1,"type":"railing_pipe1"}
{"pos":[-342.830597,236.888367,25.1312485],"rotationMatrix":[0.851321995,0.524642646,0.000975667441,-0.524639904,0.851321518,-0.00216800114,-0.00196803245,0.00133379304,0.999997199],"scale":1,"type":"railing_pipe1"}
{"pos":[-331.007385,244.204239,25.1444626],"rotationMatrix":[0.851321697,0.524643064,0.00101579772,-0.524639726,0.851320982,-0.00238810526,-0.0021176727,0.00150011794,0.999996662],"scale":1,"type":"railing_pipe1"}
{"pos":[-328.052185,246.045227,25.1457138],"rotationMatrix":[0.851322532,0.524642527,0.000403021957,-0.524641454,0.851321995,-0.0014760308,-0.00111748988,0.00104513625,0.999998808],"scale":1,"type":"railing_pipe1"}
{"pos":[-322.158752,249.694366,25.1383343],"rotationMatrix":[0.850721955,0.524316013,-0.0369443782,-0.524702132,0.851285458,-0.000894431025,0.0309812464,0.020145705,0.999316931],"scale":1,"type":"railing_pipe1"}
{"pos":[-325.113953,247.853378,25.1471024],"rotationMatrix":[0.851322532,0.524642527,0.000403022306,-0.524641454,0.851321995,-0.0014760308,-0.00111749023,0.00104513625,0.999998808],"scale":1,"type":"railing_pipe1"}
{"pos":[-321.622528,252.176163,25.07761],"rotationMatrix":[-0.52466476,0.85130477,-0.00266882963,-0.85096395,-0.524360418,0.0301090907,0.0242325831,0.0180682559,0.999543071],"scale":1,"type":"railing_pipe1"}
{"pos":[-323.463531,255.131378,25.0774364],"rotationMatrix":[-0.524640322,0.851323545,-0.000793346204,-0.850937068,-0.524373651,0.0306299645,0.0256600007,0.0167448055,0.999530494],"scale":1,"type":"railing_pipe1"}
{"pos":[-327.126984,261.035553,25.0879917],"rotationMatrix":[-0.524653554,0.851314127,-0.00169416331,-0.850839674,-0.524292588,0.0344823301,0.0284670573,0.019532742,0.999403894],"scale":1,"type":"railing_pipe1"}
{"pos":[-325.28598,258.080383,25.0839043],"rotationMatrix":[-0.524586916,0.851353109,0.00254821684,-0.850833476,-0.524366975,0.0334912464,0.0298490748,0.0154009592,0.999435782],"scale":1,"type":"railing_pipe1"}
{"pos":[-328.952576,263.970703,25.0800571],"rotationMatrix":[-0.524693131,0.851280034,-0.00440556649,-0.850840628,-0.524239898,0.0352549329,0.0277022459,0.0222464576,0.999368668],"scale":1,"type":"railing_pipe1"}
{"pos":[-330.793579,266.925873,25.0557137],"rotationMatrix":[-0.524672508,0.851293683,-0.0042336178,-0.851146102,-0.524472713,0.0218824521,0.0164079759,0.0150845461,0.999751568],"scale":1,"type":"railing_pipe1"}
{"pos":[-333.056915,269.510712,25.05089],"rotationMatrix":[-0.762027383,0.647544146,0.000885817222,-0.647459507,-0.761948586,0.0151863191,0.0105087599,0.01099886,0.999884307],"scale":1,"type":"railing_pipe1"}
{"pos":[-335.988953,271.311096,25.0557747],"rotationMatrix":[-0.924821019,0.380375862,0.00448793219,-0.380343676,-0.924821258,0.00664702477,0.00667890301,0.00444035186,0.999967813],"scale":1,"type":"railing_pipe1"}
{"pos":[-339.331207,272.114807,25.0782566],"rotationMatrix":[-0.997093678,0.075962387,0.00583387818,-0.0759529397,-0.997109771,0.00182435266,0.00595559925,0.00137595017,0.999981344],"scale":1,"type":"railing_pipe1"}
{"pos":[-342.75705,271.831879,25.0976887],"rotationMatrix":[-0.971773148,-0.235885799,0.00383290788,0.235888898,-0.971779823,0.000371880946,0.00363702141,0.0012655243,0.999992609],"scale":1,"type":"railing_pipe1"}
{"pos":[-345.897339,270.529541,25.1060925],"rotationMatrix":[-0.851328254,-0.524632812,0.000920885243,0.524601102,-0.851254582,0.0126233147,-0.00583869684,0.0112296799,0.999919891],"scale":1,"type":"railing_pipe1"}
{"pos":[-348.832245,268.723846,25.1133366],"rotationMatrix":[-0.851331115,-0.524621308,0.0027801292,0.524617732,-0.851267219,0.010962002,-0.00338426605,0.0107907988,0.999936044],"scale":1,"type":"railing_pipe1"}
{"pos":[-354.689331,265.083374,25.137476],"rotationMatrix":[-0.847325444,-0.531026542,0.00710182032,0.531063497,-0.847148895,0.0176156107,-0.00333805708,0.0186976735,0.999819636],"scale":1,"type":"railing_pipe1"}
{"pos":[-351.77066,266.909851,25.1209965],"rotationMatrix":[-0.847317219,-0.53106612,0.00471930951,0.531079471,-0.847224236,0.0128713688,-0.00283723441,0.0134124616,0.999906003],"scale":1,"type":"railing_pipe1"}
{"pos":[-357.586975,263.234863,25.1645164],"rotationMatrix":[-0.840250731,-0.542197943,-0.000243690796,0.541931629,-0.839851975,0.0309640896,-0.0169933289,0.0258855354,0.999520481],"scale":1,"type":"railing_pipe1"}
{"pos":[-360.484833,261.367981,25.1392555],"rotationMatrix":[-0.840209961,-0.542233109,-0.00553916395,0.542120814,-0.840180874,0.0141893085,-0.0123478118,0.00891910121,0.999884009],"scale":1,"type":"railing_pipe1"}
{"pos":[-366.303497,257.709625,25.1131287],"rotationMatrix":[-0.849395394,-0.527742803,-0.00387374824,0.527743042,-0.849403381,0.00102987885,-0.00383388624,-0.00116956932,0.999991953],"scale":1,"type":"railing_pipe1"}
{"pos":[-363.379791,259.523102,25.129364],"rotationMatrix":[-0.849393725,-0.527742028,-0.00432522967,0.527744532,-0.849403024,0.000638437748,-0.00401079282,-0.00174033106,0.999990463],"scale":1,"type":"railing_pipe1"}
{"pos":[-415.54953,294.320831,25.2281818],"rotationMatrix":[0.536765039,-0.843731761,-4.61714808e-05,0.843727708,0.536762595,-0.00307140802,0.0026162276,0.00160966837,0.999995291],"scale":1,"type":"railing_pipe1"}
{"pos":[-413.670837,291.367798,25.2279148],"rotationMatrix":[0.536764264,-0.843732178,-0.000418912619,0.843724191,0.536761165,-0.00411919039,0.00370034948,0.00185758749,0.999991417],"scale":1,"type":"railing_pipe1"}
{"pos":[-409.447723,284.729523,25.2241173],"rotationMatrix":[0.536764443,-0.843732059,-0.000347761554,0.843723953,0.536760986,-0.00419118861,0.00372290518,0.00195626635,0.999991179],"scale":1,"type":"railing_pipe1"}
{"pos":[-411.326447,287.682587,25.227602],