{"pos":[-133.373672,466.524567,104.333092],"rotationMatrix":[-0.646543801,-0.762876809,0,0.762876809,-0.646543801,0,0,0,1],"scale":0.983825862,"type":"tree_beech_small_b"}
{"pos":[-90.9763336,528.717285,144.676712],"rotationMatrix":[0.142660692,0.989771724,0,-0.989771724,0.142660692,0,0,0,1],"scale":0.886147022,"type":"tree_beech_small_b"}
{"pos":[-94.9736938,506.319794,135.633606],"rotationMatrix":[-0.892918646,-0.450217992,0,0.450217992,-0.892918646,0,0,0,1],"scale":0.855251312,"type":"tree_beech_small_b"}
{"pos":[-53.6462784,548.427185,169.79747],"rotationMatrix":[0.648085833,-0.761567295,0,0.761567295,0.648085833,0,0,0,1],"scale":0.992527127,"type":"tree_beech_small_b"}
{"pos":[-17.8356972,522.390869,186.457031],"rotationMatrix":[0.0593738779,-0.998235762,0,0.998235762,0.0593738779,0,0,0,1],"scale":0.943193614,"type":"tree_beech_small_b"}
{"pos":[-27.739399,498.893036,181.722504],"rotationMatrix":[0.36953494,-0.929216802,0,0.929216802,0.36953494,0,0,0,1],"scale":0.829236388,"type":"tree_beech_small_b"}
{"pos":[-26.8543892,515.241028,183.354065],"rotationMatrix":[0.386494219,0.922291875,0,-0.922291875,0.386494219,0,0,0,1],"scale":0.887699366,"type":"tree_beech_small_b"}
{"pos":[-15.299366,508.518005,183.283524],"rotationMatrix":[-0.0493315086,-0.998782456,0,0.998782456,-0.0493315086,0,0,0,1],"scale":0.944642246,"type":"tree_beech_small_b"}
{"pos":[-43.2633858,499.251282,168.985443],"rotationMatrix":[0.938473761,0.345350564,0,-0.345350564,0.938473761,0,0,0,1],"scale":1.02999473,"type":"tree_beech_small_b"}
{"pos":[-8.9133606,520.098999,186.2052],"rotationMatrix":[0.886776507,0.462198555,0,-0.462198555,0.886776507,0,0,0,1],"scale":1.07263052,"type":"tree_beech_small_b"}
{"pos":[-19.9094429,536.971741,180.945236],"rotationMatrix":[-0.558359921,0.829598665,0,-0.829598665,-0.558359921,0,0,0,1],"scale":1.11595547,"type":"tree_beech_small_b"}
{"pos":[-13.2327843,511.549896,184.228516],"rotationMatrix":[0.887618482,0.460579544,0,-0.460579544,0.887618482,0,0,0,1],"scale":1.06461787,"type":"tree_beech_small_b"}
{"pos":[-70.1157837,549.940735,162.851669],"rotationMatrix":[0.832629263,0.553830922,0,-0.553830922,0.832629263,0,0,0,1],"scale":0.892333269,"type":"tree_beech_small_b"}
{"pos":[-29.1020584,439.870972,142.97937],"rotationMatrix":[0.873693287,-0.486476988,0,0.486476988,0.873693287,0,0,0,1],"scale":1.04948807,"type":"tree_beech_small_b"}
{"pos":[-42.9932938,440.265472,138.253311],"rotationMatrix":[-0.990852833,0.134946883,0,-0.134946883,-0.990852833,0,0,0,1],"scale":1.13821685,"type":"tree_beech_small_b"}
{"pos":[-27.7529716,431.357727,135.934311],"rotationMatrix":[-0.995943248,-0.0899833292,0,0.0899833292,-0.995943248,0,0,0,1],"scale":0.82950455,"type":"tree_beech_small_b"}
{"pos":[238.180756,493.733063,194.323181],"rotationMatrix":[-0.0511578694,-0.998690546,0,0.998690546,-0.0511578694,0,0,0,1],"scale":0.977143049,"type":"tree_beech_small_b"}
{"pos":[253.211777,503.996002,193.411469],"rotationMatrix":[0.226104394,0.974103153,0,-0.974103153,0.226104394,0,0,0,1],"scale":1.0694499,"type":"tree_beech_small_b"}
{"pos":[-318.636475,521.538574,125.511612],"rotationMatrix":[-0.623226643,0.782041132,0,-0.782041132,-0.623226643,0,0,0,1],"scale":1.09609485,"type":"tree_beech_small_b"}
