{"pos":[-124.391823,240.041138,27.3621273],"rotationMatrix":[-0.693755984,-0.720210135,0,0.720210135,-0.693755984,0,0,0,1],"scale":0.978695214,"type":"tree_aspen_overhang_a"}
{"pos":[-110.650673,244.326157,24.6658192],"rotationMatrix":[-0.817412496,-0.576052785,0,0.576052785,-0.817412496,0,0,0,1],"scale":0.963919342,"type":"tree_aspen_overhang_a"}
{"pos":[-385.946533,144.440643,26.7066383],"rotationMatrix":[0.897417009,-0.441183299,0,0.441183299,0.897417009,0,0,0,1],"scale":0.986891508,"type":"tree_aspen_overhang_a"}
{"pos":[-166.811401,487.002808,118.900726],"rotationMatrix":[-0.244963109,0.969532371,0,-0.969532371,-0.244963109,0,0,0,1],"scale":0.992172599,"type":"tree_aspen_overhang_a"}
{"pos":[-184.536636,464.489441,100.032066],"rotationMatrix":[-0.9467507,0.321967393,0,-0.321967393,-0.9467507,0,0,0,1],"scale":1.26810813,"type":"tree_aspen_overhang_a"}
{"pos":[-217.057098,488.135406,111.504646],"rotationMatrix":[0.383519709,-0.923532605,0,0.923532605,0.383519709,0,0,0,1],"scale":1.18574643,"type":"tree_aspen_overhang_a"}
{"pos":[-216.625626,514.269043,127.150894],"rotationMatrix":[-0.813870192,-0.581046879,0,0.581046879,-0.813870192,0,0,0,1],"scale":1.29961383,"type":"tree_aspen_overhang_a"}
{"pos":[-220.540115,592.920166,166.52887],"rotationMatrix":[0.98409909,0.177620232,0,-0.177620232,0.98409909,0,0,0,1],"scale":1.03271246,"type":"tree_aspen_overhang_a"}
{"pos":[-230.215988,573.977722,147.848907],"rotationMatrix":[0.939683735,0.342044562,0,-0.342044562,0.939683735,0,0,0,1],"scale":0.928820968,"type":"tree_aspen_overhang_a"}
{"pos":[-217.515945,579.604309,160.968765],"rotationMatrix":[-0.908876777,-0.417064726,0,0.417064726,-0.908876777,0,0,0,1],"scale":0.906412721,"type":"tree_aspen_overhang_a"}
{"pos":[-216.840775,562.070801,154.058502],"rotationMatrix":[-0.974994421,-0.222229451,0,0.222229451,-0.974994421,0,0,0,1],"scale":0.966480374,"type":"tree_aspen_overhang_a"}
{"pos":[-140.201691,579.372131,167.331238],"rotationMatrix":[-0.865381002,-0.501114428,0,0.501114428,-0.865381002,0,0,0,1],"scale":0.978066087,"type":"tree_aspen_overhang_a"}
{"pos":[-139.298538,574.329285,163.766586],"rotationMatrix":[0.999833882,-0.0182251167,0,0.0182251167,0.999833882,0,0,0,1],"scale":1.25902331,"type":"tree_aspen_overhang_a"}
{"pos":[-123.196274,587.206177,170.898758],"rotationMatrix":[0.693958759,-0.720014811,0,0.720014811,0.693958759,0,0,0,1],"scale":1.26000726,"type":"tree_aspen_overhang_a"}
{"pos":[-131.611755,581.830688,164.969803],"rotationMatrix":[-0.311076462,0.950384855,0,-0.950384855,-0.311076462,0,0,0,1],"scale":1.09068859,"type":"tree_aspen_overhang_a"}
{"pos":[50.1232719,382.909302,102.223625],"rotationMatrix":[-0.236779988,-0.97156322,0,0.97156322,-0.236779988,0,0,0,1],"scale":1.05844986,"type":"tree_aspen_overhang_a"}
{"pos":[43.5168228,387.381897,102.97422],"rotationMatrix":[-0.205019534,0.978757858,0,-0.978757858,-0.205019534,0,0,0,1],"scale":1.17982841,"type":"tree_aspen_overhang_a"}
{"pos":[22.9965134,393.231262,111.566833],"rotationMatrix":[-0.611927032,0.790914118,0,-0.790914118,-0.611927032,0,0,0,1],"scale":1.2160989,"type":"tree_aspen_overhang_a"}
{"pos":[23.2560425,367.438538,99.3505707],"rotationMatrix":[0.727468967,0.686140656,0,-0.686140656,0.727468967,0,0,0,1],"scale":1.00479484,"type":"tree_aspen_overhang_a"}
{"pos":[17.1303444,373.265686,107.24086],"rotationMatrix":[0.829614758,-0.558336258,0,0.558336258,0.829614758,0,0,0,1],"scale":1.18413234,"type":"tree_aspen_overhang_a"}
{"pos":[20.4458389,365.372681,99.9849472],"rotationMatrix":[0.0816486031,0.996661127,0,-0.996661127,0.0816486031,0,0,0,1],"scale":1.2934562,"type":"tree_aspen_overhang_a"}
{"pos":[24.3420582,362.979401,97.9259567],"rotationMatrix":[-0.485889256,-0.874020457,0,0.874020457,-0.485889256,0,0,0,1],"scale":1.00992298,"type":"tree_aspen_overhang_a"}
{"pos":[40.8872643,390.900574,103.225998],"rotationMatrix":[-0.977736354,0.209837213,0,-0.209837213,-0.977736354,0,0,0,1],"scale":1.27774501,"type":"tree_aspen_overhang_a"}
{"pos":[210.524536,467.574432,205.24678],"rotationMatrix":[-0.624778926,0.780801535,0,-0.780801535,-0.624778926,0,0,0,1],"scale":1.07286477,"type":"tree_aspen_overhang_a"}
