{"pos":[-340.545166,219.19014,24.871788],"rotationMatrix":[0.99995327,-0.00966766663,0,0.00966766663,0.99995327,0,0,0,1],"scale":0.940826297,"type":"tree_beech_bush_e"}
{"pos":[-123.304253,224.197784,25.7257481],"rotationMatrix":[-0.657070041,0.753829539,0,-0.753829539,-0.657070041,0,0,0,1],"scale":1.10563099,"type":"tree_beech_bush_e"}
