{"pos":[224.611618,-237.661636,40.7087936],"rotationMatrix":[-0.98232156,0.187201381,0,-0.187201381,-0.98232156,0,0,0,1],"scale":0.870387554,"type":"tree_beech_bush_c"}
{"pos":[228.247787,-231.507294,41.2440987],"rotationMatrix":[0.514077067,0.857743979,0,-0.857743979,0.514077067,0,0,0,1],"scale":1.09672666,"type":"tree_beech_bush_c"}
{"pos":[230.26535,-240.126419,44.0871429],"rotationMatrix":[-0.58128804,0.813697875,0,-0.813697875,-0.58128804,0,0,0,1],"scale":0.90696305,"type":"tree_beech_bush_c"}
{"pos":[-139.713028,367.847382,30.7414036],"rotationMatrix":[0.972565651,0.232628703,0,-0.232628703,0.972565651,0,0,0,1],"scale":0.894527555,"type":"tree_beech_bush_c"}
{"pos":[-159.357681,376.115509,29.1259346],"rotationMatrix":[0.855665028,-0.517530024,0,0.517530024,0.855665028,0,0,0,1],"scale":0.850852251,"type":"tree_beech_bush_c"}
{"pos":[-177.370834,389.658478,27.9519482],"rotationMatrix":[0.804080129,-0.594520986,0,0.594520986,0.804080129,0,0,0,1],"scale":0.84881407,"type":"tree_beech_bush_c"}
{"pos":[-172.564133,389.80835,28.0631962],"rotationMatrix":[0.971556664,0.236807287,0,-0.236807287,0.971556664,0,0,0,1],"scale":1.03633404,"type":"tree_beech_bush_c"}
{"pos":[-168.227295,385.965576,27.7851696],"rotationMatrix":[0.965338171,-0.261002332,0,0.261002332,0.965338171,0,0,0,1],"scale":0.95894587,"type":"tree_beech_bush_c"}
{"pos":[-215.669266,395.651459,28.7560043],"rotationMatrix":[-0.230797246,-0.973001838,0,0.973001838,-0.230797246,0,0,0,1],"scale":0.826248348,"type":"tree_beech_bush_c"}
{"pos":[-213.315918,393.920746,28.4026623],"rotationMatrix":[-0.508015156,0.861348152,0,-0.861348152,-0.508015156,0,0,0,1],"scale":1.09559023,"type":"tree_beech_bush_c"}
{"pos":[-209.371994,394.316498,29.1383743],"rotationMatrix":[-0.949929774,0.312463582,0,-0.312463582,-0.949929774,0,0,0,1],"scale":0.830099583,"type":"tree_beech_bush_c"}
{"pos":[240.275192,-237.548355,48.1018028],"rotationMatrix":[0.905500591,0.424345046,0,-0.424345046,0.905500591,0,0,0,1],"scale":1.04719925,"type":"tree_beech_bush_c"}
{"pos":[239.891693,-240.056076,48.5343552],"rotationMatrix":[0.156717882,-0.987643421,0,0.987643421,0.156717882,0,0,0,1],"scale":1.01122832,"type":"tree_beech_bush_c"}
{"pos":[238.001511,-246.058395,49.152771],"rotationMatrix":[0.904712498,0.426022619,0,-0.426022619,0.904712498,0,0,0,1],"scale":0.831575572,"type":"tree_beech_bush_c"}
{"pos":[-102.056885,232.386658,25.1472797],"rotationMatrix":[0.906331658,0.42256704,0,-0.42256704,0.906331658,0,0,0,1],"scale":0.942759991,"type":"tree_beech_bush_c"}
{"pos":[-98.6446075,232.478271,24.9703426],"rotationMatrix":[-0.618935764,0.785441637,0,-0.785441637,-0.618935764,0,0,0,1],"scale":0.971470714,"type":"tree_beech_bush_c"}
{"pos":[242.707458,-231.807159,48.8365974],"rotationMatrix":[0.0899195522,0.99594903,0,-0.99594903,0.0899195522,0,0,0,1],"scale":0.894554615,"type":"tree_beech_bush_c"}
{"pos":[-388.035309,131.913605,28.453516],"rotationMatrix":[0.507719576,-0.861522377,0,0.861522377,0.507719576,0,0,0,1],"scale":1.02175725,"type":"tree_beech_bush_c"}
{"pos":[-386.043335,150.946884,26.5528049],"rotationMatrix":[0.836422563,0.548085153,0,-0.548085153,0.836422563,0,0,0,1],"scale":1.18507457,"type":"tree_beech_bush_c"}
{"pos":[-215.109451,267.400757,24.9500504],"rotationMatrix":[-0.350371629,0.936610758,0,-0.936610758,-0.350371629,0,0,0,1],"scale":1.02648211,"type":"tree_beech_bush_c"}
{"pos":[-212.836639,267.674713,24.9386368],"rotationMatrix":[-0.254798859,-0.966994047,0,0.966994047,-0.254798859,0,0,0,1],"scale":0.964706063,"type":"tree_beech_bush_c"}
{"pos":[-216.019684,265.260559,24.8114624],"rotationMatrix":[0.539135396,-0.842219114,0,0.842219114,0.539135396,0,0,0,1],"scale":0.946246147,"type":"tree_beech_bush_c"}
{"pos":[25.7429771,483.076263,189.423065],"rotationMatrix":[0.979998231,-0.1990062,0,0.1990062,0.979998231,0,0,0,1],"scale":1.14467061,"type":"tree_beech_bush_c"}
{"pos":[31.5645065,492.842621,190.333603],"rotationMatrix":[-0.772286594,0.635274112,0,-0.635274112,-0.772286594,0,0,0,1],"scale":0.807759941,"type":"tree_beech_bush_c"}
{"pos":[31.2823582,504.712524,195.145584],"rotationMatrix":[0.899966359,-0.435959071,0,0.435959071,0.899966359,0,0,0,1],"scale":0.82566148,"type":"tree_beech_bush_c"}
{"pos":[317.701782,463.010071,171.71376],"rotationMatrix":[-0.99595654,0.0898360461,0,-0.0898360461,-0.99595654,0,0,0,1],"scale":0.994559765,"type":"tree_beech_bush_c"}
{"pos":[327.683472,460.468475,163.919266],"rotationMatrix":[-0.507426322,-0.86169523,0,0.86169523,-0.507426322,0,0,0,1],"scale":1.0284009,"type":"tree_beech_bush_c"}
{"pos":[322.740173,455.659271,169.998688],"rotationMatrix":[-0.641786695,-0.766883314,0,0.766883314,-0.641786695,0,0,0,1],"scale":1.00544095,"type":"tree_beech_bush_c"}
{"pos":[316.58844,463.153046,172.202682],"rotationMatrix":[0.905606627,0.424118757,0,-0.424118757,0.905606627,0,0,0,1],"scale":1.15551209,"type":"tree_beech_bush_c"}
{"pos":[323.825012,460.350769,166.684982],"rotationMatrix":[-0.157068506,-0.98758769,0,0.98758769,-0.157068506,0,0,0,1],"scale":0.856293261,"type":"tree_beech_bush_c"}
{"pos":[322.425629,450.209534,167.969849],"rotationMatrix":[-0.49819243,0.867066383,0,-0.867066383,-0.49819243,0,0,0,1],"scale":0.807010889,"type":"tree_beech_bush_c"}
{"pos":[320.395233,461.72821,169.570068],"rotationMatrix":[0.996081471,0.0884399414,0,-0.0884399414,0.996081471,0,0,0,1],"scale":1.0185914,"type":"tree_beech_bush_c"}
{"pos":[327.256836,461.498993,164.092407],"rotationMatrix":[-0.0736250207,-0.997285962,0,0.997285962,-0.0736250207,0,0,0,1],"scale":0.863728046,"type":"tree_beech_bush_c"}
{"pos":[311.144592,471.611267,173.437042],"rotationMatrix":[-0.0780986249,0.99694562,0,-0.99694562,-0.0780986249,0,0,0,1],"scale":0.925429165,"type":"tree_beech_bush_c"}
{"pos":[308.574463,474.771667,173.49881],"rotationMatrix":[0.0751351044,0.997173309,0,-0.997173309,0.0751351044,0,0,0,1],"scale":0.989066482,"type":"tree_beech_bush_c"}
{"pos":[312.255463,477.618256,173.190598],"rotationMatrix":[0.659779608,-0.751459181,0,0.751459181,0.659779608,0,0,0,1],"scale":1.00386214,"type":"tree_beech_bush_c"}
{"pos":[319.463989,471.625458,173.086227],"rotationMatrix":[0.482475072,0.875909805,0,-0.875909805,0.482475072,0,0,0,1],"scale":1.10868752,"type":"tree_beech_bush_c"}
{"pos":[309.967377,480.413818,173.162842],"rotationMatrix":[-0.760811269,0.648973167,0,-0.648973167,-0.760811269,0,0,0,1],"scale":0.94436574,"type":"tree_beech_bush_c"}
