{"pos":[-122.70462,376.717529,31.3775158],"rotationMatrix":[0.888439059,-0.458994567,0,0.458994567,0.888439059,0,0,0,1],"scale":1.26688468,"type":"tree_douglasfir_large_b"}
{"pos":[-126.751404,378.394928,31.4746304],"rotationMatrix":[-0.49764955,-0.867378175,0,0.867378175,-0.49764955,0,0,0,1],"scale":1.01044309,"type":"tree_douglasfir_large_b"}
{"pos":[-128.329041,374.997925,31.2239227],"rotationMatrix":[-0.619589984,-0.78492564,0,0.78492564,-0.619589984,0,0,0,1],"scale":0.980416656,"type":"tree_douglasfir_large_b"}
{"pos":[-148.460617,385.288849,30.7026825],"rotationMatrix":[0.929494143,0.36883688,0,-0.36883688,0.929494143,0,0,0,1],"scale":0.901885808,"type":"tree_douglasfir_large_b"}
{"pos":[-117.367752,222.484726,24.9748497],"rotationMatrix":[0.099095948,-0.995077908,0,0.995077908,0.099095948,0,0,0,1],"scale":0.90986979,"type":"tree_douglasfir_large_b"}
{"pos":[-573.814392,275.479797,41.230526],"rotationMatrix":[0.20708397,0.978323162,0,-0.978323162,0.20708397,0,0,0,1],"scale":1.06320524,"type":"tree_douglasfir_large_b"}
{"pos":[-579.167175,257.366028,43.3497429],"rotationMatrix":[0.935323417,-0.353793859,0,0.353793859,0.935323417,0,0,0,1],"scale":1.13545346,"type":"tree_douglasfir_large_b"}
{"pos":[-652.260193,-79.0278931,41.7035675],"rotationMatrix":[0.984684348,0.174346685,0,-0.174346685,0.984684348,0,0,0,1],"scale":1.07606077,"type":"tree_douglasfir_large_b"}
{"pos":[-657.684937,-79.3839493,43.3269234],"rotationMatrix":[-0.424760938,0.905305564,0,-0.905305564,-0.424760938,0,0,0,1],"scale":0.946365714,"type":"tree_douglasfir_large_b"}
{"pos":[-613.093201,260.627472,45.0625534],"rotationMatrix":[-0.889539301,-0.456858605,0,0.456858605,-0.889539301,0,0,0,1],"scale":1.06534827,"type":"tree_douglasfir_large_b"}
{"pos":[-627.549011,257.058868,47.3698654],"rotationMatrix":[0.895871043,0.444314122,0,-0.444314122,0.895871043,0,0,0,1],"scale":1.00861168,"type":"tree_douglasfir_large_b"}
{"pos":[735.306824,-123.24279,48.0908165],"rotationMatrix":[0.905808568,-0.423687249,0,0.423687249,0.905808568,0,0,0,1],"scale":0.952416301,"type":"tree_douglasfir_large_b"}
