{"pos":[-119.532623,246.894836,27.252018],"rotationMatrix":[-0.987390161,0.158305719,0,-0.158305719,-0.987390161,0,0,0,1],"scale":1.29982877,"type":"tree_aspen_small_b"}
{"pos":[-127.18644,232.689346,27.771534],"rotationMatrix":[0.799960792,0.600052238,0,-0.600052238,0.799960792,0,0,0,1],"scale":1.32763505,"type":"tree_aspen_small_b"}
{"pos":[-116.948151,243.713974,26.4801407],"rotationMatrix":[0.439769298,-0.898110807,0,0.898110807,0.439769298,0,0,0,1],"scale":1.08934045,"type":"tree_aspen_small_b"}
{"pos":[-111.720116,223.005188,25.0181408],"rotationMatrix":[0.40430975,0.914622128,0,-0.914622128,0.40430975,0,0,0,1],"scale":1.02659535,"type":"tree_aspen_small_b"}
{"pos":[-99.348259,230.220444,25.194622],"rotationMatrix":[-0.344908386,-0.938636363,0,0.938636363,-0.344908386,0,0,0,1],"scale":1.33968616,"type":"tree_aspen_small_b"}
{"pos":[-231.075394,468.826965,99.3473129],"rotationMatrix":[0.683199704,-0.730231583,0,0.730231583,0.683199704,0,0,0,1],"scale":1.03197598,"type":"tree_aspen_small_b"}
{"pos":[-159.227936,519.518433,133.345703],"rotationMatrix":[0.175839484,0.984418869,0,-0.984418869,0.175839484,0,0,0,1],"scale":1.20208061,"type":"tree_aspen_small_b"}
{"pos":[-234.581299,571.870422,147.088699],"rotationMatrix":[-0.925666511,-0.378340632,0,0.378340632,-0.925666511,0,0,0,1],"scale":1.37012517,"type":"tree_aspen_small_b"}
{"pos":[-143.190308,553.729736,149.54747],"rotationMatrix":[0.999865472,-0.0164028369,0,0.0164028369,0.999865472,0,0,0,1],"scale":1.32830799,"type":"tree_aspen_small_b"}
{"pos":[16.471653,463.957764,183.186081],"rotationMatrix":[-0.0360156521,0.999351144,0,-0.999351144,-0.0360156521,0,0,0,1],"scale":1.47277772,"type":"tree_aspen_small_b"}
{"pos":[286.317627,458.670685,171.281357],"rotationMatrix":[0.987529397,0.157434598,0,-0.157434598,0.987529397,0,0,0,1],"scale":1.30705905,"type":"tree_aspen_small_b"}
{"pos":[314.385406,485.812683,173.572006],"rotationMatrix":[0.995621562,-0.0934748724,0,0.0934748724,0.995621562,0,0,0,1],"scale":1.33730137,"type":"tree_aspen_small_b"}
{"pos":[29.5229797,353.957031,92.1866379],"rotationMatrix":[0.999443889,-0.0333455056,0,0.0333455056,0.999443889,0,0,0,1],"scale":1.09760809,"type":"tree_aspen_small_b"}
{"pos":[37.4264603,354.722656,93.1897964],"rotationMatrix":[0.343066752,0.939311087,0,-0.939311087,0.343066752,0,0,0,1],"scale":1.21067476,"type":"tree_aspen_small_b"}
{"pos":[15.2862396,371.123413,108.224564],"rotationMatrix":[-0.856057584,0.516880512,0,-0.516880512,-0.856057584,0,0,0,1],"scale":1.44351244,"type":"tree_aspen_small_b"}
{"pos":[24.647007,371.538727,101.423347],"rotationMatrix":[-0.416054606,0.909339547,0,-0.909339547,-0.416054606,0,0,0,1],"scale":1.256441,"type":"tree_aspen_small_b"}
