{"pos":[-118.746704,242.226517,25.8298855],"rotationMatrix":[-0.954068124,-0.299589694,0,0.299589694,-0.954068124,0,0,0,1],"scale":1.05114853,"type":"tree_aspen_wall"}
{"pos":[-120.504967,225.349457,25.1942196],"rotationMatrix":[-0.0866134018,-0.996241987,0,0.996241987,-0.0866134018,0,0,0,1],"scale":0.990508497,"type":"tree_aspen_wall"}
{"pos":[-158.410065,475.426208,110.124382],"rotationMatrix":[-0.548051655,-0.836444616,0,0.836444616,-0.548051655,0,0,0,1],"scale":0.985120177,"type":"tree_aspen_wall"}
{"pos":[-158.218887,472.494354,105.341103],"rotationMatrix":[0.889460742,0.45701167,0,-0.45701167,0.889460742,0,0,0,1],"scale":1.44872642,"type":"tree_aspen_wall"}
{"pos":[-159.786499,477.658661,113.316597],"rotationMatrix":[0.0806491226,0.996742547,0,-0.996742547,0.0806491226,0,0,0,1],"scale":0.99239105,"type":"tree_aspen_wall"}
{"pos":[-182.241928,491.037567,122.866722],"rotationMatrix":[-0.782050073,-0.623215556,0,0.623215556,-0.782050073,0,0,0,1],"scale":1.08242345,"type":"tree_aspen_wall"}
{"pos":[-190.265869,490.269897,116.701012],"rotationMatrix":[-0.306257933,0.951948524,0,-0.951948524,-0.306257933,0,0,0,1],"scale":0.936160505,"type":"tree_aspen_wall"}
{"pos":[-186.13414,472.463654,105.40271],"rotationMatrix":[-0.721815884,0.692084968,0,-0.692084968,-0.721815884,0,0,0,1],"scale":1.35642564,"type":"tree_aspen_wall"}
{"pos":[-187.545425,477.326019,106.910835],"rotationMatrix":[0.998767555,0.0496320017,0,-0.0496320017,0.998767555,0,0,0,1],"scale":1.02226186,"type":"tree_aspen_wall"}
{"pos":[-219.258728,462.73175,100.664459],"rotationMatrix":[-0.0603131391,0.998179436,0,-0.998179436,-0.0603131391,0,0,0,1],"scale":1.19327235,"type":"tree_aspen_wall"}
{"pos":[-234.149765,478.140564,92.1016235],"rotationMatrix":[0.817428589,-0.576030076,0,0.576030076,0.817428589,0,0,0,1],"scale":1.19224715,"type":"tree_aspen_wall"}
{"pos":[-234.314194,452.456604,93.0906372],"rotationMatrix":[0.114504553,-0.993422687,0,0.993422687,0.114504553,0,0,0,1],"scale":1.00718045,"type":"tree_aspen_wall"}
{"pos":[-220.987488,471.316864,98.735054],"rotationMatrix":[-0.754455626,0.656351089,0,-0.656351089,-0.754455626,0,0,0,1],"scale":1.48804188,"type":"tree_aspen_wall"}
{"pos":[-230.581238,534.371338,133.350021],"rotationMatrix":[-0.476503968,-0.879172385,0,0.879172385,-0.476503968,0,0,0,1],"scale":0.944144964,"type":"tree_aspen_wall"}
{"pos":[-170.588196,516.875793,133.317352],"rotationMatrix":[-0.745586038,0.666409254,0,-0.666409254,-0.745586038,0,0,0,1],"scale":1.00715244,"type":"tree_aspen_wall"}
{"pos":[-174.036438,542.562012,141.645294],"rotationMatrix":[0.833466232,0.552570522,0,-0.552570522,0.833466232,0,0,0,1],"scale":1.05553544,"type":"tree_aspen_wall"}
{"pos":[-166.966721,581.153564,164.738388],"rotationMatrix":[-0.14708069,0.989124537,0,-0.989124537,-0.14708069,0,0,0,1],"scale":1.01875925,"type":"tree_aspen_wall"}
{"pos":[-222.934845,600.32373,168.837006],"rotationMatrix":[-0.61789012,0.7862643,0,-0.7862643,-0.61789012,0,0,0,1],"scale":1.2829206,"type":"tree_aspen_wall"}
{"pos":[-225.483353,544.156982,137.884918],"rotationMatrix":[0.985603154,0.169075102,0,-0.169075102,0.985603154,0,0,0,1],"scale":1.26357615,"type":"tree_aspen_wall"}
{"pos":[-211.873993,555.799561,151.018051],"rotationMatrix":[-0.745611787,-0.666380525,0,0.666380525,-0.745611787,0,0,0,1],"scale":1.31614625,"type":"tree_aspen_wall"}
{"pos":[-140.617325,585.70929,168.726532],"rotationMatrix":[0.971937835,-0.235237777,0,0.235237777,0.971937835,0,0,0,1],"scale":0.968840718,"type":"tree_aspen_wall"}
{"pos":[-131.315918,595.050415,174.829941],"rotationMatrix":[0.868765712,-0.495223165,0,0.495223165,0.868765712,0,0,0,1],"scale":1.24312365,"type":"tree_aspen_wall"}
{"pos":[-156.02887,543.943481,142.867889],"rotationMatrix":[-0.156134337,0.987735748,0,-0.987735748,-0.156134337,0,0,0,1],"scale":1.19874179,"type":"tree_aspen_wall"}
{"pos":[-159.017593,533.43396,137.564667],"rotationMatrix":[0.508637428,-0.860980868,0,0.860980868,0.508637428,0,0,0,1],"scale":0.926366508,"type":"tree_aspen_wall"}
{"pos":[42.0355949,501.986725,194.909225],"rotationMatrix":[-0.285444319,0.958395243,0,-0.958395243,-0.285444319,0,0,0,1],"scale":1.30067742,"type":"tree_aspen_wall"}
{"pos":[33.8861542,491.513733,189.576233],"rotationMatrix":[0.0390546471,0.999237001,0,-0.999237001,0.0390546471,0,0,0,1],"scale":1.42149258,"type":"tree_aspen_wall"}
{"pos":[33.673378,479.379852,188.868317],"rotationMatrix":[-0.99998033,0.00626997836,0,-0.00626997836,-0.99998033,0,0,0,1],"scale":1.48443007,"type":"tree_aspen_wall"}
{"pos":[23.6346493,458.556274,189.271255],"rotationMatrix":[-0.42973724,0.902953923,0,-0.902953923,-0.42973724,0,0,0,1],"scale":1.13166678,"type":"tree_aspen_wall"}
{"pos":[321.800201,479.695953,172.724808],"rotationMatrix":[-0.691054821,-0.722802281,0,0.722802281,-0.691054821,0,0,0,1],"scale":1.06695747,"type":"tree_aspen_wall"}
{"pos":[33.5341759,353.980652,91.9539795],"rotationMatrix":[0.00348916138,-0.999993861,0,0.999993861,0.00348916138,0,0,0,1],"scale":1.23452258,"type":"tree_aspen_wall"}
{"pos":[57.6119766,378.471832,101.712631],"rotationMatrix":[0.769725144,-0.638375342,0,0.638375342,0.769725144,0,0,0,1],"scale":0.959583521,"type":"tree_aspen_wall"}
{"pos":[40.3343811,386.675934,103.104301],"rotationMatrix":[-0.196466863,0.980510473,0,-0.980510473,-0.196466863,0,0,0,1],"scale":1.24169421,"type":"tree_aspen_wall"}
