{"pos":[-153.663971,380.384186,29.8330727],"rotationMatrix":[0.518591046,0.85502243,0,-0.85502243,0.518591046,0,0,0,1],"scale":1.23304331,"type":"tree_douglasfir_bush_a"}
{"pos":[-104.988243,233.695694,25.3196888],"rotationMatrix":[-0.895537376,-0.444986254,0,0.444986254,-0.895537376,0,0,0,1],"scale":1.215065,"type":"tree_douglasfir_bush_a"}
{"pos":[-578.227661,274.238373,43.0945206],"rotationMatrix":[-0.960862875,0.277024478,0,-0.277024478,-0.960862875,0,0,0,1],"scale":1.13367105,"type":"tree_douglasfir_bush_a"}
{"pos":[-559.521545,266.013702,38.2374611],"rotationMatrix":[-0.134634525,-0.990895331,0,0.990895331,-0.134634525,0,0,0,1],"scale":1.07821226,"type":"tree_douglasfir_bush_a"}
{"pos":[-637.619568,241.346878,49.5335541],"rotationMatrix":[-0.145656779,0.989335179,0,-0.989335179,-0.145656779,0,0,0,1],"scale":1.23942423,"type":"tree_douglasfir_bush_a"}
{"pos":[-654.950806,201.265808,48.3364029],"rotationMatrix":[-0.999782562,0.020851858,0,-0.020851858,-0.999782562,0,0,0,1],"scale":1.01201582,"type":"tree_douglasfir_bush_a"}
{"pos":[0.85149765,-566.218079,50.1429405],"rotationMatrix":[-0.999928176,-0.0119846892,0,0.0119846892,-0.999928176,0,0,0,1],"scale":1.21220267,"type":"tree_douglasfir_bush_a"}
{"pos":[-608.077698,262.575195,45.163929],"rotationMatrix":[-0.999767423,0.0215650443,0,-0.0215650443,-0.999767423,0,0,0,1],"scale":0.90101099,"type":"tree_douglasfir_bush_a"}
{"pos":[-646.201599,250.449707,52.2722626],"rotationMatrix":[0.883161843,-0.469068408,0,0.469068408,0.883161843,0,0,0,1],"scale":0.832546532,"type":"tree_douglasfir_bush_a"}
{"pos":[-667.471008,156.357178,46.8514404],"rotationMatrix":[-0.710587084,-0.703609288,0,0.703609288,-0.710587084,0,0,0,1],"scale":0.999719381,"type":"tree_douglasfir_bush_a"}
{"pos":[-567.039307,232.727005,40.4223213],"rotationMatrix":[-0.880571425,0.473913431,0,-0.473913431,-0.880571425,0,0,0,1],"scale":1.00086546,"type":"tree_douglasfir_bush_a"}
{"pos":[-570.47937,251.331543,41.323967],"rotationMatrix":[-0.722265959,0.691615403,0,-0.691615403,-0.722265959,0,0,0,1],"scale":1.06002629,"type":"tree_douglasfir_bush_a"}
{"pos":[-568.648499,243.362152,41.3468437],"rotationMatrix":[-0.930711389,-0.365754366,0,0.365754366,-0.930711389,0,0,0,1],"scale":1.10317016,"type":"tree_douglasfir_bush_a"}
{"pos":[-559.188477,246.072067,39.6215515],"rotationMatrix":[0.237404123,0.97141099,0,-0.97141099,0.237404123,0,0,0,1],"scale":0.811692536,"type":"tree_douglasfir_bush_a"}
