{"pos":[1076.58081,858.101501,131.345703],"rotationMatrix":[-0.974588692,0.224001959,0,-0.224001959,-0.974588692,0,0,0,1],"scale":1.0766511,"type":"tree_douglasfir_dead_02"}
