{"pos":[-130.71904,470.266846,108.383667],"rotationMatrix":[0.357905835,0.933757782,0,-0.933757782,0.357905835,0,0,0,1],"scale":1.03200734,"type":"tree_beech_forest_a"}
{"pos":[-83.2612534,528.071899,148.370148],"rotationMatrix":[0.411389917,-0.911459446,0,0.911459446,0.411389917,0,0,0,1],"scale":0.932227552,"type":"tree_beech_forest_a"}
{"pos":[-98.9648056,523.618408,144.600922],"rotationMatrix":[-0.846862316,0.531812072,0,-0.531812072,-0.846862316,0,0,0,1],"scale":0.961371779,"type":"tree_beech_forest_a"}
{"pos":[-81.9416046,517.952759,145.281509],"rotationMatrix":[-0.608424246,-0.793612063,0,0.793612063,-0.608424246,0,0,0,1],"scale":1.03866673,"type":"tree_beech_forest_a"}
{"pos":[-89.73172,516.483093,139.779266],"rotationMatrix":[-0.494720846,0.869051874,0,-0.869051874,-0.494720846,0,0,0,1],"scale":1.13952494,"type":"tree_beech_forest_a"}
{"pos":[-55.9595528,573.159302,187.080475],"rotationMatrix":[-0.175088957,0.984552622,0,-0.984552622,-0.175088957,0,0,0,1],"scale":0.914664328,"type":"tree_beech_forest_a"}
{"pos":[-59.1074905,569.167725,183.974762],"rotationMatrix":[-0.43971011,-0.898139834,0,0.898139834,-0.43971011,0,0,0,1],"scale":1.09111834,"type":"tree_beech_forest_a"}
{"pos":[-43.4270554,508.441742,171.226517],"rotationMatrix":[0.391355872,-0.920239329,0,0.920239329,0.391355872,0,0,0,1],"scale":1.10198569,"type":"tree_beech_forest_a"}
{"pos":[-14.6628609,534.246277,183.777344],"rotationMatrix":[-0.174917608,0.98458302,0,-0.98458302,-0.174917608,0,0,0,1],"scale":1.07603109,"type":"tree_beech_forest_a"}
{"pos":[-47.5458603,513.72168,169.02449],"rotationMatrix":[0.0804138333,-0.996761501,0,0.996761501,0.0804138333,0,0,0,1],"scale":0.979195237,"type":"tree_beech_forest_a"}
{"pos":[-7.63541031,516.624939,185.445511],"rotationMatrix":[-0.410744101,0.911750615,0,-0.911750615,-0.410744101,0,0,0,1],"scale":0.944593072,"type":"tree_beech_forest_a"}
{"pos":[-34.0247993,522.181763,177.558853],"rotationMatrix":[-0.975452065,-0.220211715,0,0.220211715,-0.975452065,0,0,0,1],"scale":1.15621591,"type":"tree_beech_forest_a"}
{"pos":[-25.6217136,532.83667,178.894775],"rotationMatrix":[0.25599739,-0.966677427,0,0.966677427,0.25599739,0,0,0,1],"scale":0.949270666,"type":"tree_beech_forest_a"}
{"pos":[-13.9765358,523.369446,186.390442],"rotationMatrix":[0.39054659,0.920583248,0,-0.920583248,0.39054659,0,0,0,1],"scale":0.975407362,"type":"tree_beech_forest_a"}
{"pos":[-74.7156754,519.482422,148.847],"rotationMatrix":[0.999347627,0.0361142904,0,-0.0361142904,0.999347627,0,0,0,1],"scale":1.15856314,"type":"tree_beech_forest_a"}
{"pos":[-85.0189819,541.866699,152.438461],"rotationMatrix":[-0.545239091,0.838280439,0,-0.838280439,-0.545239091,0,0,0,1],"scale":1.11703444,"type":"tree_beech_forest_a"}
{"pos":[-80.9750061,520.967041,147.076447],"rotationMatrix":[0.738897085,-0.67381835,0,0.67381835,0.738897085,0,0,0,1],"scale":1.11875379,"type":"tree_beech_forest_a"}
{"pos":[-60.7752991,537.409119,161.057465],"rotationMatrix":[0.574506521,0.818500102,0,-0.818500102,0.574506521,0,0,0,1],"scale":1.06967795,"type":"tree_beech_forest_a"}
{"pos":[-79.0444565,537.652222,153.877563],"rotationMatrix":[-0.779040158,0.626974046,0,-0.626974046,-0.779040158,0,0,0,1],"scale":1.02562022,"type":"tree_beech_forest_a"}
{"pos":[-77.1212006,477.177673,126.645042],"rotationMatrix":[-0.493617326,-0.869679272,0,0.869679272,-0.493617326,0,0,0,1],"scale":1.15034127,"type":"tree_beech_forest_a"}
{"pos":[-54.1458015,500.679535,157.064209],"rotationMatrix":[0.811214328,-0.584748924,0,0.584748924,0.811214328,0,0,0,1],"scale":1.19331968,"type":"tree_beech_forest_a"}
{"pos":[-42.1894455,490.231354,167.247711],"rotationMatrix":[-0.47149834,-0.881866992,0,0.881866992,-0.47149834,0,0,0,1],"scale":1.0624882,"type":"tree_beech_forest_a"}
{"pos":[-104.343559,470.818481,112.281548],"rotationMatrix":[0.9189533,-0.394366324,0,0.394366324,0.9189533,0,0,0,1],"scale":1.13484669,"type":"tree_beech_forest_a"}
{"pos":[-93.6699371,462.356689,112.567886],"rotationMatrix":[0.117612883,-0.993059516,0,0.993059516,0.117612883,0,0,0,1],"scale":1.05241895,"type":"tree_beech_forest_a"}
{"pos":[-36.0114479,439.754303,143.93718],"rotationMatrix":[-0.979842782,-0.199770197,0,0.199770197,-0.979842782,0,0,0,1],"scale":1.04057109,"type":"tree_beech_forest_a"}
{"pos":[325.079895,425.064484,146.371124],"rotationMatrix":[0.999678969,0.0253333803,0,-0.0253333803,0.999678969,0,0,0,1],"scale":0.921766043,"type":"tree_beech_forest_a"}
{"pos":[296.302612,435.22052,151.04744],"rotationMatrix":[0.54703927,-0.837107003,0,0.837107003,0.54703927,0,0,0,1],"scale":1.10829234,"type":"tree_beech_forest_a"}
{"pos":[293.558624,507.354401,191.338211],"rotationMatrix":[0.594828069,0.803853035,0,-0.803853035,0.594828069,0,0,0,1],"scale":0.940889001,"type":"tree_beech_forest_a"}
{"pos":[-360.263123,535.843628,114.800522],"rotationMatrix":[0.188735977,0.982027888,0,-0.982027888,0.188735977,0,0,0,1],"scale":1.09461892,"type":"tree_beech_forest_a"}
{"pos":[-369.574127,537.072876,119.116623],"rotationMatrix":[0.723056972,-0.690788329,0,0.690788329,0.723056972,0,0,0,1],"scale":1.0294081,"type":"tree_beech_forest_a"}
{"pos":[-329.703552,517.911621,129.196991],"rotationMatrix":[0.692904651,0.721029341,0,-0.721029341,0.692904651,0,0,0,1],"scale":0.949663579,"type":"tree_beech_forest_a"}
{"pos":[-335.15448,503.16391,103.194733],"rotationMatrix":[-0.781041622,0.624478996,0,-0.624478996,-0.781041622,0,0,0,1],"scale":1.0909487,"type":"tree_beech_forest_a"}
