{"pos":[-114.873558,226.424042,25.4639206],"rotationMatrix":[0.807553947,-0.589793682,0,0.589793682,0.807553947,0,0,0,1],"scale":0.90176338,"type":"tree_douglasfir_small_d"}
{"pos":[-582.764648,265.199463,44.5095596],"rotationMatrix":[-0.547849298,-0.836577058,0,0.836577058,-0.547849298,0,0,0,1],"scale":1.06345248,"type":"tree_douglasfir_small_d"}
{"pos":[-580.99115,262.621552,43.7849655],"rotationMatrix":[0.273695767,-0.961816311,0,0.961816311,0.273695767,0,0,0,1],"scale":1.02620554,"type":"tree_douglasfir_small_d"}
{"pos":[-645.31781,206.34201,47.9740829],"rotationMatrix":[-0.953109264,0.302626371,0,-0.302626371,-0.953109264,0,0,0,1],"scale":1.15494633,"type":"tree_douglasfir_small_d"}
{"pos":[669.083313,-393.41153,86.1324081],"rotationMatrix":[0.708799303,0.705410242,0,-0.705410242,0.708799303,0,0,0,1],"scale":0.967790961,"type":"tree_douglasfir_small_d"}
{"pos":[-661.566101,-79.4654083,44.5265884],"rotationMatrix":[0.905545473,0.424249172,0,-0.424249172,0.905545473,0,0,0,1],"scale":0.813174546,"type":"tree_douglasfir_small_d"}
{"pos":[747.954285,-765.938171,117.169991],"rotationMatrix":[0.728752434,0.68477726,0,-0.68477726,0.728752434,0,0,0,1],"scale":0.938935757,"type":"tree_douglasfir_small_d"}
{"pos":[15.2723465,-546.967285,48.4253998],"rotationMatrix":[-0.359060854,-0.933314145,0,0.933314145,-0.359060854,0,0,0,1],"scale":1.23955345,"type":"tree_douglasfir_small_d"}
{"pos":[-856.579102,253.467789,83.7545929],"rotationMatrix":[0.899184585,-0.437569588,0,0.437569588,0.899184585,0,0,0,1],"scale":0.876756608,"type":"tree_douglasfir_small_d"}
