{"pos":[-117.9188,251.029816,27.3785419],"rotationMatrix":[0.869436681,0.494044393,0,-0.494044393,0.869436681,0,0,0,1],"scale":1.17808962,"type":"tree_beech_blocker_a"}
{"pos":[-147.260468,372.934998,29.9303627],"rotationMatrix":[0.864763021,0.502180219,0,-0.502180219,0.864763021,0,0,0,1],"scale":0.998221397,"type":"tree_beech_blocker_a"}
{"pos":[-145.005524,372.190979,30.3065834],"rotationMatrix":[-0.277947932,0.960596144,0,-0.960596144,-0.277947932,0,0,0,1],"scale":1.12059176,"type":"tree_beech_blocker_a"}
{"pos":[-138.485107,370.394501,30.3864613],"rotationMatrix":[-0.808479011,-0.588525057,0,0.588525057,-0.808479011,0,0,0,1],"scale":1.2614758,"type":"tree_beech_blocker_a"}
{"pos":[-107.480957,458.603638,110.706154],"rotationMatrix":[-0.862963378,-0.505266428,0,0.505266428,-0.862963378,0,0,0,1],"scale":0.709763587,"type":"tree_beech_blocker_a"}
{"pos":[-107.769386,461.949493,111.51609],"rotationMatrix":[-0.29513526,0.955455422,0,-0.955455422,-0.29513526,0,0,0,1],"scale":1.17154193,"type":"tree_beech_blocker_a"}
{"pos":[-111.373268,465.35199,117.027611],"rotationMatrix":[0.431581616,-0.90207392,0,0.90207392,0.431581616,0,0,0,1],"scale":1.15567636,"type":"tree_beech_blocker_a"}
{"pos":[-110.01857,458.506866,112.298752],"rotationMatrix":[0.983524382,0.180775523,0,-0.180775523,0.983524382,0,0,0,1],"scale":1.00481164,"type":"tree_beech_blocker_a"}
{"pos":[-110.476166,460.725464,114.294952],"rotationMatrix":[0.999676466,0.0254325308,0,-0.0254325308,0.999676466,0,0,0,1],"scale":1.29743207,"type":"tree_beech_blocker_a"}
{"pos":[-108.079483,463.784027,112.858208],"rotationMatrix":[0.903430223,-0.428735197,0,0.428735197,0.903430223,0,0,0,1],"scale":0.749122262,"type":"tree_beech_blocker_a"}
{"pos":[-110.059258,454.554077,109.183578],"rotationMatrix":[-0.554596961,0.832118988,0,-0.832118988,-0.554596961,0,0,0,1],"scale":1.01643932,"type":"tree_beech_blocker_a"}
{"pos":[-113.088379,455.097137,110.667107],"rotationMatrix":[-0.823242843,-0.567689478,0,0.567689478,-0.823242843,0,0,0,1],"scale":1.08005011,"type":"tree_beech_blocker_a"}
{"pos":[-109.496758,451.558258,108.989937],"rotationMatrix":[0.99986577,-0.016384583,0,0.016384583,0.99986577,0,0,0,1],"scale":1.26552927,"type":"tree_beech_blocker_a"}
{"pos":[-113.648483,459.307373,114.318909],"rotationMatrix":[0.351710826,0.936108768,0,-0.936108768,0.351710826,0,0,0,1],"scale":0.715458333,"type":"tree_beech_blocker_a"}
{"pos":[-114.155296,457.404388,113.265686],"rotationMatrix":[0.952518582,-0.304480582,0,0.304480582,0.952518582,0,0,0,1],"scale":1.14317286,"type":"tree_beech_blocker_a"}
{"pos":[-108.229065,452.344177,109.00296],"rotationMatrix":[0.718200982,0.695835829,0,-0.695835829,0.718200982,0,0,0,1],"scale":0.766560495,"type":"tree_beech_blocker_a"}
{"pos":[-116.238213,445.090118,108.483414],"rotationMatrix":[0.979889274,0.199541867,0,-0.199541867,0.979889274,0,0,0,1],"scale":1.00335431,"type":"tree_beech_blocker_a"}
{"pos":[-115.935188,451.775665,110.4562],"rotationMatrix":[-0.560828626,-0.827931821,0,0.827931821,-0.560828626,0,0,0,1],"scale":1.01927471,"type":"tree_beech_blocker_a"}
{"pos":[-115.794312,447.897797,109.113174],"rotationMatrix":[-0.981352806,-0.192215145,0,0.192215145,-0.981352806,0,0,0,1],"scale":0.76359576,"type":"tree_beech_blocker_a"}
{"pos":[-117.823502,447.320282,108.182549],"rotationMatrix":[0.994459033,-0.10512428,0,0.10512428,0.994459033,0,0,0,1],"scale":1.08679795,"type":"tree_beech_blocker_a"}
{"pos":[-118.892715,450.272888,109.663406],"rotationMatrix":[0.893594861,-0.448874354,0,0.448874354,0.893594861,0,0,0,1],"scale":0.78190583,"type":"tree_beech_blocker_a"}
{"pos":[-120.585709,440.259979,103.562622],"rotationMatrix":[-0.735912442,-0.677076638,0,0.677076638,-0.735912442,0,0,0,1],"scale":0.812507272,"type":"tree_beech_blocker_a"}
{"pos":[-117.949089,438.34436,103.643921],"rotationMatrix":[0.365985602,0.930620551,0,-0.930620551,0.365985602,0,0,0,1],"scale":0.780920804,"type":"tree_beech_blocker_a"}
{"pos":[-121.86364,443.635468,103.445099],"rotationMatrix":[0.999740541,-0.0227767862,0,0.0227767862,0.999740541,0,0,0,1],"scale":1.15059376,"type":"tree_beech_blocker_a"}
{"pos":[-119.367729,438.58194,102.968468],"rotationMatrix":[0.929833591,0.36798045,0,-0.36798045,0.929833591,0,0,0,1],"scale":0.735800445,"type":"tree_beech_blocker_a"}
{"pos":[-118.608459,440.090546,104.624893],"rotationMatrix":[0.459616274,0.888117671,0,-0.888117671,0.459616274,0,0,0,1],"scale":0.776159525,"type":"tree_beech_blocker_a"}
{"pos":[-122.836891,442.40097,103.230904],"rotationMatrix":[-0.782467425,-0.622691631,0,0.622691631,-0.782467425,0,0,0,1],"scale":0.809367061,"type":"tree_beech_blocker_a"}
{"pos":[-113.782616,477.364746,119.916908],"rotationMatrix":[-0.988942385,-0.148299888,0,0.148299888,-0.988942385,0,0,0,1],"scale":0.903008759,"type":"tree_beech_blocker_a"}
{"pos":[-109.727661,479.757996,120.273705],"rotationMatrix":[0.529391766,0.848377585,0,-0.848377585,0.529391766,0,0,0,1],"scale":0.962468982,"type":"tree_beech_blocker_a"}
{"pos":[-105.256126,476.568878,117.136581],"rotationMatrix":[0.0742463842,0.997239947,0,-0.997239947,0.0742463842,0,0,0,1],"scale":1.26313722,"type":"tree_beech_blocker_a"}
{"pos":[-106.886742,481.447815,119.038559],"rotationMatrix":[-0.653909802,0.756572545,0,-0.756572545,-0.653909802,0,0,0,1],"scale":1.2807107,"type":"tree_beech_blocker_a"}
{"pos":[-107.326797,474.608398,117.292503],"rotationMatrix":[-0.521643341,-0.8531636,0,0.8531636,-0.521643341,0,0,0,1],"scale":1.11139715,"type":"tree_beech_blocker_a"}
{"pos":[-106.487679,488.40918,120.452385],"rotationMatrix":[-0.00759290671,0.999971151,0,-0.999971151,-0.00759290671,0,0,0,1],"scale":1.17785454,"type":"tree_beech_blocker_a"}
{"pos":[-105.172539,483.224152,118.682671],"rotationMatrix":[-0.684567034,0.728949964,0,-0.728949964,-0.684567034,0,0,0,1],"scale":1.16674662,"type":"tree_beech_blocker_a"}
{"pos":[-103.313965,487.668854,120.245934],"rotationMatrix":[0.319996655,-0.94741869,0,0.94741869,0.319996655,0,0,0,1],"scale":0.978388667,"type":"tree_beech_blocker_a"}
{"pos":[-102.303665,484.355591,117.719757],"rotationMatrix":[0.434898078,-0.900479674,0,0.900479674,0.434898078,0,0,0,1],"scale":1.07602596,"type":"tree_beech_blocker_a"}
{"pos":[-104.162567,494.854309,125.34803],"rotationMatrix":[0.649804592,-0.760101259,0,0.760101259,0.649804592,0,0,0,1],"scale":1.08769226,"type":"tree_beech_blocker_a"}
{"pos":[-104.835648,491.56958,122.708397],"rotationMatrix":[0.743515611,0.668718696,0,-0.668718696,0.743515611,0,0,0,1],"scale":1.08678234,"type":"tree_beech_blocker_a"}
{"pos":[-111.844902,492.861053,123.687454],"rotationMatrix":[0.748417795,0.663227677,0,-0.663227677,0.748417795,0,0,0,1],"scale":0.966926277,"type":"tree_beech_blocker_a"}
{"pos":[-111.922577,490.797668,121.954971],"rotationMatrix":[-0.775553048,0.631282449,0,-0.631282449,-0.775553048,0,0,0,1],"scale":1.24577332,"type":"tree_beech_blocker_a"}
{"pos":[286.763428,450.255341,161.264618],"rotationMatrix":[-0.295803994,0.955248594,0,-0.955248594,-0.295803994,0,0,0,1],"scale":0.991874933,"type":"tree_beech_blocker_a"}
{"pos":[292.355988,451.840881,164.280045],"rotationMatrix":[0.829704583,0.558202863,0,-0.558202863,0.829704583,0,0,0,1],"scale":0.869050384,"type":"tree_beech_blocker_a"}
{"pos":[298.908051,458.281616,162.945358],"rotationMatrix":[-0.787499905,-0.616314709,0,0.616314709,-0.787499905,0,0,0,1],"scale":0.919798613,"type":"tree_beech_blocker_a"}
{"pos":[298.090179,448.105988,159.591278],"rotationMatrix":[-0.435288489,0.900290966,0,-0.900290966,-0.435288489,0,0,0,1],"scale":0.77959913,"type":"tree_beech_blocker_a"}
{"pos":[283.713257,472.151001,172.802643],"rotationMatrix":[-0.901042461,-0.43373087,0,0.43373087,-0.901042461,0,0,0,1],"scale":1.15107429,"type":"tree_beech_blocker_a"}
{"pos":[280.045929,460.132965,166.492752],"rotationMatrix":[-0.997718334,0.0675136596,0,-0.0675136596,-0.997718334,0,0,0,1],"scale":1.08354938,"type":"tree_beech_blocker_a"}
{"pos":[277.853302,471.851471,172.631622],