{"pos":[241.118668,-239.329437,48.3303223],"rotationMatrix":[0.323008835,0.946395934,0,-0.946395934,0.323008835,0,0,0,1],"scale":1.31544566,"type":"tree_aspen_large_a"}
{"pos":[-301.26004,193.030426,24.4140968],"rotationMatrix":[-0.999542415,0.0302488822,0,-0.0302488822,-0.999542415,0,0,0,1],"scale":1.27794719,"type":"tree_aspen_large_a"}
{"pos":[-142.878418,372.439575,31.0978165],"rotationMatrix":[0.46955502,0.882903218,0,-0.882903218,0.46955502,0,0,0,1],"scale":1.30572474,"type":"tree_aspen_large_a"}
{"pos":[-107.79483,228.425888,24.9015427],"rotationMatrix":[-0.136005223,-0.990708113,0,0.990708113,-0.136005223,0,0,0,1],"scale":1.47169483,"type":"tree_aspen_large_a"}
{"pos":[-118.581017,237.015854,25.4451504],"rotationMatrix":[0.547946513,0.8365134,0,-0.8365134,0.547946513,0,0,0,1],"scale":1.47134268,"type":"tree_aspen_large_a"}
{"pos":[-118.319839,252.460693,26.839571],"rotationMatrix":[-0.988610983,0.150493637,0,-0.150493637,-0.988610983,0,0,0,1],"scale":1.23853278,"type":"tree_aspen_large_a"}
{"pos":[-127.110359,230.064972,26.6182365],"rotationMatrix":[-0.55158025,0.834121823,0,-0.834121823,-0.55158025,0,0,0,1],"scale":1.47236192,"type":"tree_aspen_large_a"}
{"pos":[-115.133209,251.148178,26.1612492],"rotationMatrix":[-0.679613054,0.733570755,0,-0.733570755,-0.679613054,0,0,0,1],"scale":1.23085427,"type":"tree_aspen_large_a"}
{"pos":[241.548996,-241.324997,48.4551773],"rotationMatrix":[0.881443501,0.472289532,0,-0.472289532,0.881443501,0,0,0,1],"scale":1.35132623,"type":"tree_aspen_large_a"}
{"pos":[244.461853,-242.621643,48.576767],"rotationMatrix":[-0.0243082382,-0.99970454,0,0.99970454,-0.0243082382,0,0,0,1],"scale":1.31533825,"type":"tree_aspen_large_a"}
{"pos":[-162.330032,483.361511,117.023895],"rotationMatrix":[0.811448216,0.584424436,0,-0.584424436,0.811448216,0,0,0,1],"scale":1.40923023,"type":"tree_aspen_large_a"}
{"pos":[-161.720673,475.631287,110.082237],"rotationMatrix":[0.858487844,-0.512833893,0,0.512833893,0.858487844,0,0,0,1],"scale":1.28807724,"type":"tree_aspen_large_a"}
{"pos":[-157.280441,480.263855,114.812943],"rotationMatrix":[-0.85521996,0.518265069,0,-0.518265069,-0.85521996,0,0,0,1],"scale":1.49808145,"type":"tree_aspen_large_a"}
{"pos":[-149.823959,478.262787,117.364449],"rotationMatrix":[0.860182524,-0.509986103,0,0.509986103,0.860182524,0,0,0,1],"scale":1.24925852,"type":"tree_aspen_large_a"}
{"pos":[-162.080414,472.983185,107.842354],"rotationMatrix":[-0.910096705,0.414395839,0,-0.414395839,-0.910096705,0,0,0,1],"scale":1.47995579,"type":"tree_aspen_large_a"}
{"pos":[-167.25824,475.6474,109.237434],"rotationMatrix":[0.992727399,-0.120383583,0,0.120383583,0.992727399,0,0,0,1],"scale":1.38119018,"type":"tree_aspen_large_a"}
{"pos":[-161.481812,468.918427,101.568611],"rotationMatrix":[0.537511408,0.843256593,0,-0.843256593,0.537511408,0,0,0,1],"scale":1.28670669,"type":"tree_aspen_large_a"}
{"pos":[-160.934174,466.830383,99.4309616],"rotationMatrix":[-0.185266033,-0.982688308,0,0.982688308,-0.185266033,0,0,0,1],"scale":1.28638458,"type":"tree_aspen_large_a"}
{"pos":[-159.158783,465.505096,96.9046173],"rotationMatrix":[-0.988328099,-0.152340651,0,0.152340651,-0.988328099,0,0,0,1],"scale":1.44932425,"type":"tree_aspen_large_a"}
{"pos":[-190.340118,482.14743,110.485085],"rotationMatrix":[0.996012092,0.0892179161,0,-0.0892179161,0.996012092,0,0,0,1],"scale":1.31356478,"type":"tree_aspen_large_a"}
{"pos":[-236.839127,468.680573,98.0016632],"rotationMatrix":[0.991276383,0.131799728,0,-0.131799728,0.991276383,0,0,0,1],"scale":1.36861658,"type":"tree_aspen_large_a"}
{"pos":[-212.157516,498.589661,121.125504],"rotationMatrix":[0.376228243,-0.926527023,0,0.926527023,0.376228243,0,0,0,1],"scale":1.22533715,"type":"tree_aspen_large_a"}
{"pos":[-208.195923,536.581726,136.281113],"rotationMatrix":[0.548565567,0.836107612,0,-0.836107612,0.548565567,0,0,0,1],"scale":1.25338268,"type":"tree_aspen_large_a"}
{"pos":[-168.821426,534.35968,136.934738],"rotationMatrix":[-0.263305366,0.964712501,0,-0.964712501,-0.263305366,0,0,0,1],"scale":1.22041678,"type":"tree_aspen_large_a"}
{"pos":[-163.50531,562.503174,151.711472],"rotationMatrix":[0.00191131316,-0.999998152,0,0.999998152,0.00191131316,0,0,0,1],"scale":1.20708632,"type":"tree_aspen_large_a"}
{"pos":[-181.396866,572.985413,161.776596],"rotationMatrix":[0.949250758,-0.31452015,0,0.31452015,0.949250758,0,0,0,1],"scale":1.23244917,"type":"tree_aspen_large_a"}
{"pos":[-160.515884,584.521301,167.229019],"rotationMatrix":[0.927258372,0.374422252,0,-0.374422252,0.927258372,0,0,0,1],"scale":1.49405348,"type":"tree_aspen_large_a"}
{"pos":[-217.380234,601.939392,169.693832],"rotationMatrix":[0.917490542,-0.39775756,0,0.39775756,0.917490542,0,0,0,1],"scale":1.42088735,"type":"tree_aspen_large_a"}
{"pos":[-225.495926,548.442017,139.119247],"rotationMatrix":[0.6241768,-0.781283081,0,0.781283081,0.6241768,0,0,0,1],"scale":1.26291418,"type":"tree_aspen_large_a"}
{"pos":[-139.163254,590.622437,170.132416],"rotationMatrix":[-0.971762061,0.235962912,0,-0.235962912,-0.971762061,0,0,0,1],"scale":1.33302426,"type":"tree_aspen_large_a"}
{"pos":[-128.245224,583.543396,167.721237],"rotationMatrix":[0.127466485,-0.991842866,0,0.991842866,0.127466485,0,0,0,1],"scale":1.46199977,"type":"tree_aspen_large_a"}
{"pos":[-134.220291,568.416138,157.417099],"rotationMatrix":[0.990865827,0.134851173,0,-0.134851173,0.990865827,0,0,0,1],"scale":1.31745458,"type":"tree_aspen_large_a"}
{"pos":[-130.980835,551.739075,151.171051],"rotationMatrix":[-0.199176967,-0.979963541,0,0.979963541,-0.199176967,0,0,0,1],"scale":1.41000366,"type":"tree_aspen_large_a"}
{"pos":[-154.980072,539.612671,139.694229],"rotationMatrix":[0.938618124,0.344958097,0,-0.344958097,0.938618124,0,0,0,1],"scale":1.42688549,"type":"tree_aspen_large_a"}
{"pos":[-146.952621,553.027649,146.385391],"rotationMatrix":[-0.373680204,0.927557588,0,-0.927557588,-0.373680204,0,0,0,1],"scale":1.30270708,"type":"tree_aspen_large_a"}
{"pos":[-135.21579,540.016907,142.64389],"rotationMatrix":[0.212148935,0.977237344,0,-0.977237344,0.212148935,0,0,0,1],"scale":1.44646859,"type":"tree_aspen_large_a"}
{"pos":[10.693882,457.089905,178.76535],"rotationMatrix":[-0.273096293,-0.961986661,0,0.961986661,-0.273096293,0,0,0,1],"scale":1.34635854,"type":"tree_aspen_large_a"}
