{"pos":[-90.8396759,546.37207,154.9776],"rotationMatrix":[-0.265767217,-0.96403724,0,0.96403724,-0.265767217,0,0,0,1],"scale":1.05212998,"type":"tree_beech_forest_group"}
{"pos":[-87.2347031,507.192963,136.263306],"rotationMatrix":[0.870269537,-0.492575765,0,0.492575765,0.870269537,0,0,0,1],"scale":1.14025259,"type":"tree_beech_forest_group"}
{"pos":[-91.766571,510.755371,135.765182],"rotationMatrix":[0.933339357,-0.358995289,0,0.358995289,0.933339357,0,0,0,1],"scale":1.47045159,"type":"tree_beech_forest_group"}
{"pos":[-111.354301,507.345612,133.853714],"rotationMatrix":[-0.710527599,0.70366919,0,-0.70366919,-0.710527599,0,0,0,1],"scale":1.49002588,"type":"tree_beech_forest_group"}
{"pos":[-68.7064438,551.316833,163.489929],"rotationMatrix":[-0.0306461435,-0.999530256,0,0.999530256,-0.0306461435,0,0,0,1],"scale":1.36430597,"type":"tree_beech_forest_group"}
{"pos":[-63.9889412,552.721191,168.222122],"rotationMatrix":[-0.93620348,0.351458311,0,-0.351458311,-0.93620348,0,0,0,1],"scale":1.29739714,"type":"tree_beech_forest_group"}
{"pos":[-48.3529663,564.846008,184.298569],"rotationMatrix":[-0.429336816,-0.903144419,0,0.903144419,-0.429336816,0,0,0,1],"scale":1.28142357,"type":"tree_beech_forest_group"}
{"pos":[-52.184494,580.955994,190.483765],"rotationMatrix":[-0.914109766,0.405466974,0,-0.405466974,-0.914109766,0,0,0,1],"scale":1.30178165,"type":"tree_beech_forest_group"}
{"pos":[-44.6302414,526.531006,167.01384],"rotationMatrix":[0.510538638,0.859854937,0,-0.859854937,0.510538638,0,0,0,1],"scale":1.48762417,"type":"tree_beech_forest_group"}
{"pos":[-37.6589088,531.682922,171.454041],"rotationMatrix":[-0.874258161,-0.485461503,0,0.485461503,-0.874258161,0,0,0,1],"scale":1.01221466,"type":"tree_beech_forest_group"}
{"pos":[-32.521225,538.762634,172.323914],"rotationMatrix":[-0.638136208,0.769923329,0,-0.769923329,-0.638136208,0,0,0,1],"scale":1.14460421,"type":"tree_beech_forest_group"}
{"pos":[-39.6664124,509.577271,175.389542],"rotationMatrix":[-0.994226098,-0.107305624,0,0.107305624,-0.994226098,0,0,0,1],"scale":1.05121505,"type":"tree_beech_forest_group"}
{"pos":[-19.1214523,532.727722,182.645065],"rotationMatrix":[0.966258526,0.257574081,0,-0.257574081,0.966258526,0,0,0,1],"scale":1.39665854,"type":"tree_beech_forest_group"}
{"pos":[-13.7041016,502.15213,180.775131],"rotationMatrix":[0.463259429,-0.886222601,0,0.886222601,0.463259429,0,0,0,1],"scale":1.16972017,"type":"tree_beech_forest_group"}
{"pos":[-47.0478859,511.140106,169.202347],"rotationMatrix":[-0.523020148,0.852320254,0,-0.852320254,-0.523020148,0,0,0,1],"scale":1.09912467,"type":"tree_beech_forest_group"}
{"pos":[-77.6724625,550.761902,159.57901],"rotationMatrix":[-0.406964749,0.913443804,0,-0.913443804,-0.406964749,0,0,0,1],"scale":1.04097891,"type":"tree_beech_forest_group"}
{"pos":[-58.1740494,509.869019,153.986618],"rotationMatrix":[0.996987939,0.0775552541,0,-0.0775552541,0.996987939,0,0,0,1],"scale":1.12366295,"type":"tree_beech_forest_group"}
{"pos":[-75.9173965,482.578339,131.517075],"rotationMatrix":[-0.382899702,0.923789859,0,-0.923789859,-0.382899702,0,0,0,1],"scale":1.25597,"type":"tree_beech_forest_group"}
{"pos":[-57.7240067,496.820953,153.074295],"rotationMatrix":[0.0962027833,0.995361745,0,-0.995361745,0.0962027833,0,0,0,1],"scale":1.28731441,"type":"tree_beech_forest_group"}
{"pos":[-69.9174042,483.149872,138.322495],"rotationMatrix":[0.969086885,0.246719941,0,-0.246719941,0.969086885,0,0,0,1],"scale":1.15958154,"type":"tree_beech_forest_group"}
{"pos":[-42.8296738,452.824524,143.696121],"rotationMatrix":[0.13815859,-0.990410089,0,0.990410089,0.13815859,0,0,0,1],"scale":1.02600348,"type":"tree_beech_forest_group"}
{"pos":[-52.0242424,434.671814,127.498055],"rotationMatrix":[0.934486628,0.355998188,0,-0.355998188,0.934486628,0,0,0,1],"scale":1.28331566,"type":"tree_beech_forest_group"}
{"pos":[255.961075,513.82019,193.953522],"rotationMatrix":[0.247750625,0.96882385,0,-0.96882385,0.247750625,0,0,0,1],"scale":1.16954505,"type":"tree_beech_forest_group"}
{"pos":[277.964722,512.111145,193.884735],"rotationMatrix":[-0.738314986,-0.674456,0,0.674456,-0.738314986,0,0,0,1],"scale":1.02594209,"type":"tree_beech_forest_group"}
