{"pos":[-107.395287,225.857056,25.4139786],"rotationMatrix":[-0.57504952,0.818118572,0,-0.818118572,-0.57504952,0,0,0,1],"scale":1.00559926,"type":"tree_aspen_small_d"}
{"pos":[243.244598,-240.885788,49.0599174],"rotationMatrix":[-0.991395116,0.130903497,0,-0.130903497,-0.991395116,0,0,0,1],"scale":1.17711437,"type":"tree_aspen_small_d"}
{"pos":[-190.400146,469.680786,97.8953247],"rotationMatrix":[-0.593874872,-0.804557502,0,0.804557502,-0.593874872,0,0,0,1],"scale":1.2951436,"type":"tree_aspen_small_d"}
{"pos":[-193.089706,465.337891,96.3001022],"rotationMatrix":[0.74184829,-0.670567691,0,0.670567691,0.74184829,0,0,0,1],"scale":1.18005359,"type":"tree_aspen_small_d"}
{"pos":[-224.556961,474.157013,95.4636383],"rotationMatrix":[-0.936153054,0.351592898,0,-0.351592898,-0.936153054,0,0,0,1],"scale":1.21284819,"type":"tree_aspen_small_d"}
{"pos":[-178.098145,515.716431,133.232742],"rotationMatrix":[0.0200484041,0.999798954,0,-0.999798954,0.0200484041,0,0,0,1],"scale":1.32027328,"type":"tree_aspen_small_d"}
{"pos":[-156.732849,550.2453,146.273727],"rotationMatrix":[-0.28060776,-0.959822536,0,0.959822536,-0.28060776,0,0,0,1],"scale":1.32079256,"type":"tree_aspen_small_d"}
{"pos":[-236.011826,604.244934,174.389465],"rotationMatrix":[-0.177524984,0.984116316,0,-0.984116316,-0.177524984,0,0,0,1],"scale":0.967089236,"type":"tree_aspen_small_d"}
{"pos":[-214.794937,573.602661,156.99472],"rotationMatrix":[0.0557954647,0.998442173,0,-0.998442173,0.0557954647,0,0,0,1],"scale":1.38397002,"type":"tree_aspen_small_d"}
{"pos":[-208.670334,561.393188,151.755798],"rotationMatrix":[-0.994110763,0.108368635,0,-0.108368635,-0.994110763,0,0,0,1],"scale":1.36182189,"type":"tree_aspen_small_d"}
{"pos":[-148.752594,577.515686,165.988647],"rotationMatrix":[-0.999744713,0.0225928556,0,-0.0225928556,-0.999744713,0,0,0,1],"scale":1.38492739,"type":"tree_aspen_small_d"}
{"pos":[-118.56218,579.161133,167.870682],"rotationMatrix":[0.594243765,0.804285109,0,-0.804285109,0.594243765,0,0,0,1],"scale":0.934861541,"type":"tree_aspen_small_d"}
{"pos":[-158.533676,549.021667,144.947784],"rotationMatrix":[-0.966315806,-0.257358998,0,0.257358998,-0.966315806,0,0,0,1],"scale":1.04910088,"type":"tree_aspen_small_d"}
{"pos":[-138.680939,543.919617,146.373062],"rotationMatrix":[0.465847075,0.884865344,0,-0.884865344,0.465847075,0,0,0,1],"scale":0.909899592,"type":"tree_aspen_small_d"}
{"pos":[34.7469025,508.932465,195.413651],"rotationMatrix":[0.705962539,0.708249331,0,-0.708249331,0.705962539,0,0,0,1],"scale":1.32481718,"type":"tree_aspen_small_d"}
{"pos":[10.5073719,454.408417,178.664429],"rotationMatrix":[0.872277617,0.489011049,0,-0.489011049,0.872277617,0,0,0,1],"scale":0.916141033,"type":"tree_aspen_small_d"}
{"pos":[14.7637539,508.907562,189.860764],"rotationMatrix":[0.834002137,-0.551761091,0,0.551761091,0.834002137,0,0,0,1],"scale":1.11847913,"type":"tree_aspen_small_d"}
{"pos":[290.551697,458.687378,169.770218],"rotationMatrix":[-0.95491457,-0.296880692,0,0.296880692,-0.95491457,0,0,0,1],"scale":1.11940551,"type":"tree_aspen_small_d"}
