{"pos":[-140.636292,379.198303,31.785078],"rotationMatrix":[0.64308989,-0.765790701,0,0.765790701,0.64308989,0,0,0,1],"scale":1.17652154,"type":"tree_douglasfir_small_a"}
{"pos":[-152.993927,385.849274,29.9359341],"rotationMatrix":[0.927924395,0.372768462,0,-0.372768462,0.927924395,0,0,0,1],"scale":1.09309924,"type":"tree_douglasfir_small_a"}
{"pos":[-129.389999,376.209961,31.7215614],"rotationMatrix":[-0.671070635,0.741393387,0,-0.741393387,-0.671070635,0,0,0,1],"scale":0.918561697,"type":"tree_douglasfir_small_a"}
{"pos":[-112.674713,226.320099,25.361763],"rotationMatrix":[0.979780436,-0.200075716,0,0.200075716,0.979780436,0,0,0,1],"scale":0.837625027,"type":"tree_douglasfir_small_a"}
{"pos":[-109.579277,228.68988,25.3296585],"rotationMatrix":[0.784771323,-0.619785428,0,0.619785428,0.784771323,0,0,0,1],"scale":1.07282209,"type":"tree_douglasfir_small_a"}
{"pos":[-113.789757,240.358566,25.4068909],"rotationMatrix":[-0.817019761,-0.576609612,0,0.576609612,-0.817019761,0,0,0,1],"scale":1.06962609,"type":"tree_douglasfir_small_a"}
{"pos":[-574.569702,237.560791,41.8838959],"rotationMatrix":[-0.00273434375,-0.999996245,0,0.999996245,-0.00273434375,0,0,0,1],"scale":0.839203835,"type":"tree_douglasfir_small_a"}
