{"pos":[-165.674271,489.162476,120.831696],"rotationMatrix":[0.890977442,-0.454047412,0,0.454047412,0.890977442,0,0,0,1],"scale":1.04861951,"type":"tree_aspen_forest_group"}
{"pos":[-155.681229,463.052277,98.1317139],"rotationMatrix":[0.220470548,-0.975393593,0,0.975393593,0.220470548,0,0,0,1],"scale":1.03430724,"type":"tree_aspen_forest_group"}
{"pos":[-130.065887,477.742371,117.305557],"rotationMatrix":[-0.859517097,-0.511107028,0,0.511107028,-0.859517097,0,0,0,1],"scale":0.972062171,"type":"tree_aspen_forest_group"}
{"pos":[-217.982956,471.142242,99.0853577],"rotationMatrix":[0.674098074,0.738641977,0,-0.738641977,0.674098074,0,0,0,1],"scale":0.966769814,"type":"tree_aspen_forest_group"}
{"pos":[-221.039581,512.323181,124.762383],"rotationMatrix":[-0.345070451,-0.938576758,0,0.938576758,-0.345070451,0,0,0,1],"scale":1.07535398,"type":"tree_aspen_forest_group"}
{"pos":[-180.548767,507.506836,131.352829],"rotationMatrix":[-0.127612531,0.991824031,0,-0.991824031,-0.127612531,0,0,0,1],"scale":0.85461241,"type":"tree_aspen_forest_group"}
{"pos":[-167.019043,550.592896,144.88678],"rotationMatrix":[0.0006071885,0.999999821,0,-0.999999821,0.0006071885,0,0,0,1],"scale":1.04303133,"type":"tree_aspen_forest_group"}
{"pos":[-162.086105,545.070801,142.358292],"rotationMatrix":[0.383348614,-0.923603714,0,0.923603714,0.383348614,0,0,0,1],"scale":0.85163486,"type":"tree_aspen_forest_group"}
{"pos":[-237.997086,573.934204,144.588989],"rotationMatrix":[0.340200812,-0.940352798,0,0.940352798,0.340200812,0,0,0,1],"scale":0.953409851,"type":"tree_aspen_forest_group"}
{"pos":[-216.988312,577.116943,159.732422],"rotationMatrix":[0.99899739,0.0447670221,0,-0.0447670221,0.99899739,0,0,0,1],"scale":1.07298684,"type":"tree_aspen_forest_group"}
{"pos":[-216.048569,556.071838,150.289642],"rotationMatrix":[0.978099704,-0.208136633,0,0.208136633,0.978099704,0,0,0,1],"scale":1.10857522,"type":"tree_aspen_forest_group"}
{"pos":[-142.880875,580.309326,167.044113],"rotationMatrix":[0.292103052,0.956386924,0,-0.956386924,0.292103052,0,0,0,1],"scale":0.973893046,"type":"tree_aspen_forest_group"}
{"pos":[-122.064384,576.437622,163.94165],"rotationMatrix":[-0.893645644,-0.448773384,0,0.448773384,-0.893645644,0,0,0,1],"scale":0.864059448,"type":"tree_aspen_forest_group"}
{"pos":[-149.553101,565.642029,157.042542],"rotationMatrix":[0.369374305,-0.929280698,0,0.929280698,0.369374305,0,0,0,1],"scale":0.91936028,"type":"tree_aspen_forest_group"}
{"pos":[38.9989624,495.338501,193.855957],"rotationMatrix":[0.972567737,-0.232619762,0,0.232619762,0.972567737,0,0,0,1],"scale":0.830536187,"type":"tree_aspen_forest_group"}
{"pos":[25.476059,479.029572,186.357697],"rotationMatrix":[-0.962314367,-0.271939307,0,0.271939307,-0.962314367,0,0,0,1],"scale":0.946882963,"type":"tree_aspen_forest_group"}
{"pos":[27.5618248,466.508118,188.379059],"rotationMatrix":[-0.999815464,-0.0192102622,0,0.0192102622,-0.999815464,0,0,0,1],"scale":1.02237582,"type":"tree_aspen_forest_group"}
{"pos":[15.6936779,446.648285,177.947479],"rotationMatrix":[-0.327654243,0.944797635,0,-0.944797635,-0.327654243,0,0,0,1],"scale":0.86823082,"type":"tree_aspen_forest_group"}
{"pos":[15.0902309,456.533356,178.843079],"rotationMatrix":[-0.994416058,0.10553018,0,-0.10553018,-0.994416058,0,0,0,1],"scale":0.818722367,"type":"tree_aspen_forest_group"}
{"pos":[14.4888821,512.827576,191.891174],"rotationMatrix":[-0.0112515381,-0.99993664,0,0.99993664,-0.0112515381,0,0,0,1],"scale":0.865716994,"type":"tree_aspen_forest_group"}
{"pos":[287.601318,460.727844,170.695419],"rotationMatrix":[-0.030542694,0.999533415,0,-0.999533415,-0.030542694,0,0,0,1],"scale":0.828980207,"type":"tree_aspen_forest_group"}
{"pos":[312.068542,488.443451,171],"rotationMatrix":[0.299686342,-0.954037726,0,0.954037726,0.299686342,0,0,0,1],"scale":1.19105518,"type":"tree_aspen_forest_group"}
{"pos":[318.635895,481.396362,173.109558],"rotationMatrix":[0.222488195,0.974935412,0,-0.974935412,0.222488195,0,0,0,1],"scale":1.11580181,"type":"tree_aspen_forest_group"}
{"pos":[247.770966,460.707642,193.722153],"rotationMatrix":[-0.48099637,-0.876722634,0,0.876722634,-0.48099637,0,0,0,1],"scale":1.05699956,"type":"tree_aspen_forest_group"}
