{"pos":[63.8850327,361.611786,90.9857559],"rotationMatrix":[0.233384401,-0.972384453,0,0.972384453,0.233384401,0,0,0,1],"scale":0.840527892,"type":"tree_beech_bush_d"}
{"pos":[62.9673386,355.895813,86.4675369],"rotationMatrix":[0.335726082,0.941959739,0,-0.941959739,0.335726082,0,0,0,1],"scale":0.9795295,"type":"tree_beech_bush_d"}
{"pos":[67.3092194,354.307587,85.0664749],"rotationMatrix":[0.177856624,0.984056413,0,-0.984056413,0.177856624,0,0,0,1],"scale":1.2888664,"type":"tree_beech_bush_d"}
{"pos":[58.2846832,358.755066,88.7580032],"rotationMatrix":[0.999728143,0.0233169552,0,-0.0233169552,0.999728143,0,0,0,1],"scale":1.11900127,"type":"tree_beech_bush_d"}
