{"pos":[254.159515,66.8243866,28.2238274],"rotationMatrix":[0.986808479,0.161891848,0,-0.161891848,0.986808479,0,0,0,1],"scale":0.925314784,"type":"tree_oak_bush_b"}
{"pos":[-161.00972,377.111267,29.2473412],"rotationMatrix":[-0.971766949,-0.235942811,0,0.235942811,-0.971766949,0,0,0,1],"scale":1.26729417,"type":"tree_oak_bush_b"}
{"pos":[-153.37764,377.506958,29.9583015],"rotationMatrix":[-0.84379679,0.536662817,0,-0.536662817,-0.84379679,0,0,0,1],"scale":1.12391663,"type":"tree_oak_bush_b"}
{"pos":[-165.439529,378.349884,28.7312489],"rotationMatrix":[-0.999999881,0.000456182141,0,-0.000456182141,-0.999999881,0,0,0,1],"scale":1.2575599,"type":"tree_oak_bush_b"}
{"pos":[-121.056137,239.56102,27.0743504],"rotationMatrix":[-0.758882463,-0.651227653,0,0.651227653,-0.758882463,0,0,0,1],"scale":1.04441977,"type":"tree_oak_bush_b"}
{"pos":[-124.378456,232.121155,27.1034355],"rotationMatrix":[0.146882311,0.989153981,0,-0.989153981,0.146882311,0,0,0,1],"scale":1.20091474,"type":"tree_oak_bush_b"}
{"pos":[-126.844498,226.392349,27.0310841],"rotationMatrix":[0.998545051,-0.0539242625,0,0.0539242625,0.998545051,0,0,0,1],"scale":1.01443601,"type":"tree_oak_bush_b"}
{"pos":[-121.826317,226.898865,25.9015541],"rotationMatrix":[0.00656172074,0.999978483,0,-0.999978483,0.00656172074,0,0,0,1],"scale":1.00218594,"type":"tree_oak_bush_b"}
{"pos":[246.161133,-236.368057,49.286953],"rotationMatrix":[-0.207294807,0.978278518,0,-0.978278518,-0.207294807,0,0,0,1],"scale":1.08263576,"type":"tree_oak_bush_b"}
{"pos":[247.065598,-240.666855,49.2780037],"rotationMatrix":[0.745146215,0.666901171,0,-0.666901171,0.745146215,0,0,0,1],"scale":1.13005233,"type":"tree_oak_bush_b"}
{"pos":[-214.06517,268.700775,25.039362],"rotationMatrix":[0.663385034,-0.74827826,0,0.74827826,0.663385034,0,0,0,1],"scale":0.816586494,"type":"tree_oak_bush_b"}
{"pos":[-213.212631,233.342239,25.1001873],"rotationMatrix":[-0.63923341,0.769012809,0,-0.769012809,-0.63923341,0,0,0,1],"scale":1.00629735,"type":"tree_oak_bush_b"}
{"pos":[39.6276093,355.562805,93.4077911],"rotationMatrix":[0.940058827,-0.34101221,0,0.34101221,0.940058827,0,0,0,1],"scale":0.856204689,"type":"tree_oak_bush_b"}
{"pos":[40.28302,347.039307,87.8071671],"rotationMatrix":[-0.992365599,-0.123331115,0,0.123331115,-0.992365599,0,0,0,1],"scale":1.21928287,"type":"tree_oak_bush_b"}
{"pos":[41.3004303,351.651703,91.036972],"rotationMatrix":[-0.988824368,0.149084926,0,-0.149084926,-0.988824368,0,0,0,1],"scale":0.860602379,"type":"tree_oak_bush_b"}
{"pos":[44.6891289,352.502258,90.1804657],"rotationMatrix":[-0.588955522,-0.808165431,0,0.808165431,-0.588955522,0,0,0,1],"scale":0.791269362,"type":"tree_oak_bush_b"}
{"pos":[36.4689941,347.709778,87.7984314],"rotationMatrix":[-0.188827872,0.982010186,0,-0.982010186,-0.188827872,0,0,0,1],"scale":0.917390585,"type":"tree_oak_bush_b"}
