{"pos":[222.346893,-233.50029,38.9713173],"rotationMatrix":[-0.63259393,0.774483621,0,-0.774483621,-0.63259393,0,0,0,1],"scale":1.09394181,"type":"tree_oak_bush_c"}
{"pos":[237.815826,-238.285172,47.5367126],"rotationMatrix":[-0.649322927,-0.760512829,0,0.760512829,-0.649322927,0,0,0,1],"scale":1.29934967,"type":"tree_oak_bush_c"}
{"pos":[233.924026,-234.002258,45.0584831],"rotationMatrix":[0.503716052,-0.863869309,0,0.863869309,0.503716052,0,0,0,1],"scale":1.11375928,"type":"tree_oak_bush_c"}
{"pos":[-175.110657,385.191498,27.6332169],"rotationMatrix":[0.682259738,-0.731109858,0,0.731109858,0.682259738,0,0,0,1],"scale":1.13824522,"type":"tree_oak_bush_c"}
{"pos":[-220.216278,396.333191,29.3636093],"rotationMatrix":[-0.343807727,0.939040065,0,-0.939040065,-0.343807727,0,0,0,1],"scale":0.74702996,"type":"tree_oak_bush_c"}
{"pos":[-122.746231,230.249039,26.5079727],"rotationMatrix":[-0.834496856,-0.551012695,0,0.551012695,-0.834496856,0,0,0,1],"scale":0.891380131,"type":"tree_oak_bush_c"}
{"pos":[-119.397675,220.278717,25.324894],"rotationMatrix":[-0.936256588,0.351317018,0,-0.351317018,-0.936256588,0,0,0,1],"scale":1.15117252,"type":"tree_oak_bush_c"}
{"pos":[4.4742384,493.514984,182.499359],"rotationMatrix":[-0.470464826,-0.882418811,0,0.882418811,-0.470464826,0,0,0,1],"scale":1.28603399,"type":"tree_oak_bush_c"}
{"pos":[16.3689899,475.215485,182.978012],"rotationMatrix":[0.206094563,-0.978532076,0,0.978532076,0.206094563,0,0,0,1],"scale":0.893667579,"type":"tree_oak_bush_c"}
{"pos":[16.5987816,477.315521,183.479523],"rotationMatrix":[-0.281727731,-0.959494352,0,0.959494352,-0.281727731,0,0,0,1],"scale":0.906141639,"type":"tree_oak_bush_c"}
{"pos":[26.3908062,502.386475,190.526886],"rotationMatrix":[0.351856768,0.936053932,0,-0.936053932,0.351856768,0,0,0,1],"scale":0.737685621,"type":"tree_oak_bush_c"}
{"pos":[325.071625,430.643677,150.372559],"rotationMatrix":[-0.156337127,-0.987703681,0,0.987703681,-0.156337127,0,0,0,1],"scale":1.03281212,"type":"tree_oak_bush_c"}
{"pos":[321.037567,458.153198,170.013367],"rotationMatrix":[0.282429814,0.959288001,0,-0.959288001,0.282429814,0,0,0,1],"scale":0.937466502,"type":"tree_oak_bush_c"}
{"pos":[310.788422,486.006622,173.581894],"rotationMatrix":[-0.0532730892,-0.998579919,0,0.998579919,-0.0532730892,0,0,0,1],"scale":1.27002513,"type":"tree_oak_bush_c"}
