{"pos":[224.534225,-232.680237,39.8318138],"rotationMatrix":[-0.980013549,0.198930696,0,-0.198930696,-0.980013549,0,0,0,1],"scale":0.828969657,"type":"tree_aspen_bush_c"}
{"pos":[-144.388794,370.050293,30.2781811],"rotationMatrix":[0.959058285,0.283208847,0,-0.283208847,0.959058285,0,0,0,1],"scale":1.02178264,"type":"tree_aspen_bush_c"}
{"pos":[-171.006668,389.209412,27.7003899],"rotationMatrix":[0.965949953,0.258729011,0,-0.258729011,0.965949953,0,0,0,1],"scale":1.06481087,"type":"tree_aspen_bush_c"}
{"pos":[-217.057678,395.931,29.1968937],"rotationMatrix":[-0.142189458,0.989839435,0,-0.989839435,-0.142189458,0,0,0,1],"scale":0.843580723,"type":"tree_aspen_bush_c"}
{"pos":[-93.6467361,230.872955,24.9985428],"rotationMatrix":[0.588207006,0.808710396,0,-0.808710396,0.588207006,0,0,0,1],"scale":0.902069151,"type":"tree_aspen_bush_c"}
{"pos":[-113.568832,219.572906,25.3404388],"rotationMatrix":[0.797573447,-0.603221834,0,0.603221834,0.797573447,0,0,0,1],"scale":1.04102254,"type":"tree_aspen_bush_c"}
{"pos":[-385.380676,146.618332,27.4349537],"rotationMatrix":[0.204889044,0.978785217,0,-0.978785217,0.204889044,0,0,0,1],"scale":1.12789083,"type":"tree_aspen_bush_c"}
{"pos":[-126.68058,235.717255,27.6668758],"rotationMatrix":[-0.0507411361,-0.998711824,0,0.998711824,-0.0507411361,0,0,0,1],"scale":0.946596384,"type":"tree_aspen_bush_c"}
{"pos":[-129.774963,228.543091,27.5985146],"rotationMatrix":[-0.963372707,-0.268166006,0,0.268166006,-0.963372707,0,0,0,1],"scale":0.950357914,"type":"tree_aspen_bush_c"}
{"pos":[-129.216064,226.666275,27.278656],"rotationMatrix":[0.704387903,0.709815264,0,-0.709815264,0.704387903,0,0,0,1],"scale":0.952879071,"type":"tree_aspen_bush_c"}
{"pos":[-218.705841,264.580566,24.964159],"rotationMatrix":[-0.275228351,-0.961378872,0,0.961378872,-0.275228351,0,0,0,1],"scale":1.08607841,"type":"tree_aspen_bush_c"}
{"pos":[24.3549194,483.967194,189.464081],"rotationMatrix":[-0.455802053,0.890081108,0,-0.890081108,-0.455802053,0,0,0,1],"scale":0.949510992,"type":"tree_aspen_bush_c"}
{"pos":[328.741211,419.809448,142.92305],"rotationMatrix":[-0.978706121,0.205265969,0,-0.205265969,-0.978706121,0,0,0,1],"scale":0.982314944,"type":"tree_aspen_bush_c"}
{"pos":[325.342102,457.329163,168.174576],"rotationMatrix":[0.858803272,-0.512305379,0,0.512305379,0.858803272,0,0,0,1],"scale":0.872198999,"type":"tree_aspen_bush_c"}
{"pos":[307.648041,477.176697,173.130157],"rotationMatrix":[0.977311611,0.211806551,0,-0.211806551,0.977311611,0,0,0,1],"scale":0.939248741,"type":"tree_aspen_bush_c"}
{"pos":[305.421051,483.990784,173.26329],"rotationMatrix":[-0.777751207,-0.628572226,0,0.628572226,-0.777751207,0,0,0,1],"scale":1.17428708,"type":"tree_aspen_bush_c"}
{"pos":[307.402161,488.434326,173.465256],"rotationMatrix":[0.950674772,-0.310189307,0,0.310189307,0.950674772,0,0,0,1],"scale":0.892087936,"type":"tree_aspen_bush_c"}
