{"pos":[-60.5712128,571.370483,184.327194],"rotationMatrix":[-0.726468444,-0.687199771,0,0.687199771,-0.726468444,0,0,0,1],"scale":0.785611987,"type":"tree_beech_large_c"}
{"pos":[-24.3936195,519.422363,183.468414],"rotationMatrix":[-0.718569279,0.695455432,0,-0.695455432,-0.718569279,0,0,0,1],"scale":1.04309154,"type":"tree_beech_large_c"}
{"pos":[-19.5681801,522.551392,185.40097],"rotationMatrix":[-0.632021964,0.774950385,0,-0.774950385,-0.632021964,0,0,0,1],"scale":0.791632295,"type":"tree_beech_large_c"}
{"pos":[-42.2904587,521.218201,171.268402],"rotationMatrix":[-0.364022642,-0.931390107,0,0.931390107,-0.364022642,0,0,0,1],"scale":0.828363836,"type":"tree_beech_large_c"}
{"pos":[-26.2170372,509.237701,184.27298],"rotationMatrix":[-0.225320369,0.974284649,0,-0.974284649,-0.225320369,0,0,0,1],"scale":0.770889878,"type":"tree_beech_large_c"}
{"pos":[-39.0824471,526.298096,171.888321],"rotationMatrix":[-0.930284441,-0.366838992,0,0.366838992,-0.930284441,0,0,0,1],"scale":0.936138511,"type":"tree_beech_large_c"}
{"pos":[-46.5110207,525.176392,168.221115],"rotationMatrix":[0.277760774,0.960650325,0,-0.960650325,0.277760774,0,0,0,1],"scale":0.917449832,"type":"tree_beech_large_c"}
{"pos":[-62.1168976,529.206421,158.041779],"rotationMatrix":[0.224579662,0.974455774,0,-0.974455774,0.224579662,0,0,0,1],"scale":0.894268751,"type":"tree_beech_large_c"}
{"pos":[-87.2391586,533.295044,147.97348],"rotationMatrix":[0.803918779,-0.59473902,0,0.59473902,0.803918779,0,0,0,1],"scale":0.968717515,"type":"tree_beech_large_c"}
{"pos":[-49.7843857,525.730042,165.924164],"rotationMatrix":[-0.996973515,-0.0777412131,0,0.0777412131,-0.996973515,0,0,0,1],"scale":0.698841572,"type":"tree_beech_large_c"}
{"pos":[-49.0250664,545.617249,168.659653],"rotationMatrix":[-0.996156812,0.0875880793,0,-0.0875880793,-0.996156812,0,0,0,1],"scale":0.67105478,"type":"tree_beech_large_c"}
{"pos":[-84.2986298,504.034882,133.797653],"rotationMatrix":[0.616435409,0.78740555,0,-0.78740555,0.616435409,0,0,0,1],"scale":0.855336189,"type":"tree_beech_large_c"}
{"pos":[-57.8442802,499.414276,155.036545],"rotationMatrix":[-0.5178262,-0.855485737,0,0.855485737,-0.5178262,0,0,0,1],"scale":0.649662673,"type":"tree_beech_large_c"}
{"pos":[-49.5095444,511.296936,167.899994],"rotationMatrix":[0.165240616,0.986253321,0,-0.986253321,0.165240616,0,0,0,1],"scale":0.809228778,"type":"tree_beech_large_c"}
{"pos":[-81.8494186,501.790863,132.477798],"rotationMatrix":[0.816419005,0.57746011,0,-0.57746011,0.816419005,0,0,0,1],"scale":1.17195976,"type":"tree_beech_large_c"}
{"pos":[262.180115,512.681641,192.527512],"rotationMatrix":[-0.97453177,-0.224249482,0,0.224249482,-0.97453177,0,0,0,1],"scale":1.19983435,"type":"tree_beech_large_c"}
{"pos":[286.534821,504.251099,188.123352],"rotationMatrix":[0.0844023153,-0.996431708,0,0.996431708,0.0844023153,0,0,0,1],"scale":1.16048026,"type":"tree_beech_large_c"}
