{"pos":[237.286972,-244.486389,48.3686333],"rotationMatrix":[-0.880741537,-0.473597288,0,0.473597288,-0.880741537,0,0,0,1],"scale":1.40948391,"type":"tree_aspen_small_c"}
{"pos":[-124.085342,236.600784,27.241375],"rotationMatrix":[-0.991504669,0.130070969,0,-0.130070969,-0.991504669,0,0,0,1],"scale":1.46644533,"type":"tree_aspen_small_c"}
{"pos":[-388.471283,121.750633,29.268383],"rotationMatrix":[0.856341481,-0.516409993,0,0.516409993,0.856341481,0,0,0,1],"scale":1.47622633,"type":"tree_aspen_small_c"}
{"pos":[-150.171234,484.428894,120.720306],"rotationMatrix":[0.832537293,-0.553969026,0,0.553969026,0.832537293,0,0,0,1],"scale":1.49060619,"type":"tree_aspen_small_c"}
{"pos":[-133.249161,478.849731,120.250114],"rotationMatrix":[0.96903801,0.246911705,0,-0.246911705,0.96903801,0,0,0,1],"scale":1.42121005,"type":"tree_aspen_small_c"}
{"pos":[-185.533585,490.645325,124.28524],"rotationMatrix":[0.141495794,0.989938855,0,-0.989938855,0.141495794,0,0,0,1],"scale":1.41316688,"type":"tree_aspen_small_c"}
{"pos":[-226.721191,473.048004,96.0599213],"rotationMatrix":[-0.939787745,0.341758698,0,-0.341758698,-0.939787745,0,0,0,1],"scale":1.4423151,"type":"tree_aspen_small_c"}
{"pos":[-238.415878,467.269348,99.7284088],"rotationMatrix":[0.644865513,-0.764295995,0,0.764295995,0.644865513,0,0,0,1],"scale":1.46783292,"type":"tree_aspen_small_c"}
{"pos":[-223.735641,487.711639,108.23111],"rotationMatrix":[0.753165007,0.657831788,0,-0.657831788,0.753165007,0,0,0,1],"scale":1.48476136,"type":"tree_aspen_small_c"}
{"pos":[-205.070267,502.828613,119.337456],"rotationMatrix":[-0.0324538834,-0.999473214,0,0.999473214,-0.0324538834,0,0,0,1],"scale":1.4230895,"type":"tree_aspen_small_c"}
{"pos":[-168.62677,541.178345,141.39975],"rotationMatrix":[0.32719928,-0.944955349,0,0.944955349,0.32719928,0,0,0,1],"scale":1.48643696,"type":"tree_aspen_small_c"}
{"pos":[-177.749725,578.499756,166.484009],"rotationMatrix":[-0.833567739,0.552417099,0,-0.552417099,-0.833567739,0,0,0,1],"scale":1.43302345,"type":"tree_aspen_small_c"}
{"pos":[-158.501617,581.466919,167.698929],"rotationMatrix":[0.905744493,0.423824251,0,-0.423824251,0.905744493,0,0,0,1],"scale":1.48480642,"type":"tree_aspen_small_c"}
{"pos":[-116.815796,587.301453,174.230225],"rotationMatrix":[0.0675137416,0.997718334,0,-0.997718334,0.0675137416,0,0,0,1],"scale":1.41970229,"type":"tree_aspen_small_c"}
{"pos":[-140.28862,535.257141,142.389114],"rotationMatrix":[0.921238542,-0.388998121,0,0.388998121,0.921238542,0,0,0,1],"scale":1.45422721,"type":"tree_aspen_small_c"}
{"pos":[11.6321878,459.190216,179.926498],"rotationMatrix":[-0.99411118,0.108364604,0,-0.108364604,-0.99411118,0,0,0,1],"scale":1.47504783,"type":"tree_aspen_small_c"}
{"pos":[324.029999,492.975494,173.10437],"rotationMatrix":[-0.329614639,0.94411552,0,-0.94411552,-0.329614639,0,0,0,1],"scale":1.41922379,"type":"tree_aspen_small_c"}
