{"pos":[254.98175,65.3997726,28.7317867],"rotationMatrix":[0.563851476,0.825876176,0,-0.825876176,0.563851476,0,0,0,1],"scale":1,"type":"tree_beech_bush_a"}
{"pos":[255.094025,68.7367401,27.1714249],"rotationMatrix":[0.202439338,-0.979294777,0,0.979294777,0.202439338,0,0,0,1],"scale":1,"type":"tree_beech_bush_a"}
{"pos":[254.70105,71.6684265,25.8006287],"rotationMatrix":[-0.551570356,0.83412838,0,-0.83412838,-0.551570356,0,0,0,1],"scale":1,"type":"tree_beech_bush_a"}
{"pos":[223.161469,-202.872726,32.2243271],"rotationMatrix":[-0.803119123,-0.59581846,0,0.59581846,-0.803119123,0,0,0,1],"scale":1,"type":"tree_beech_bush_a"}
{"pos":[214.334396,-207.226746,27.4062462],"rotationMatrix":[0.643360794,-0.76556313,0,0.76556313,0.643360794,0,0,0,1],"scale":1,"type":"tree_beech_bush_a"}
{"pos":[219.049423,-130.636505,26.5523567],"rotationMatrix":[0.908666074,-0.417523623,0,0.417523623,0.908666074,0,0,0,1],"scale":1,"type":"tree_beech_bush_a"}
{"pos":[223.826447,-124.271858,26.6687813],"rotationMatrix":[0.236883044,-0.971538186,0,0.971538186,0.236883044,0,0,0,1],"scale":1,"type":"tree_beech_bush_a"}
{"pos":[216.929611,-236.299606,36.7567787],"rotationMatrix":[0.527950943,-0.849274874,0,0.849274874,0.527950943,0,0,0,1],"scale":1,"type":"tree_beech_bush_a"}
{"pos":[226.813843,-233.208542,41.2425117],"rotationMatrix":[-0.864477754,0.502671063,0,-0.502671063,-0.864477754,0,0,0,1],"scale":1,"type":"tree_beech_bush_a"}
{"pos":[-151.926239,211.899994,31.9251652],"rotationMatrix":[-0.527312219,-0.849671602,0,0.849671602,-0.527312219,0,0,0,1],"scale":1,"type":"tree_beech_bush_a"}
{"pos":[-154.449341,379.137451,29.7179356],"rotationMatrix":[0.694358408,-0.719629347,0,0.719629347,0.694358408,0,0,0,1],"scale":1,"type":"tree_beech_bush_a"}
{"pos":[-169.735413,381.94516,27.9011574],"rotationMatrix":[-0.341509134,-0.939878464,0,0.939878464,-0.341509134,0,0,0,1],"scale":1,"type":"tree_beech_bush_a"}
{"pos":[-167.559631,379.997162,28.215271],"rotationMatrix":[0.403577358,0.914945543,0,-0.914945543,0.403577358,0,0,0,1],"scale":1,"type":"tree_beech_bush_a"}
{"pos":[-154.362244,373.427124,30.0290451],"rotationMatrix":[0.9139961,0.405723006,0,-0.405723006,0.9139961,0,0,0,1],"scale":1,"type":"tree_beech_bush_a"}
{"pos":[-155.429535,374.910522,29.888258],"rotationMatrix":[-0.650069535,0.759874761,0,-0.759874761,-0.650069535,0,0,0,1],"scale":1,"type":"tree_beech_bush_a"}
{"pos":[-122.290329,222.569534,25.552187],"rotationMatrix":[-0.322132736,0.946694493,0,-0.946694493,-0.322132736,0,0,0,1],"scale":1,"type":"tree_beech_bush_a"}
{"pos":[-101.45639,219.649521,25.3382072],"rotationMatrix":[0.939076781,-0.343707353,0,0.343707353,0.939076781,0,0,0,1],"scale":1,"type":"tree_beech_bush_a"}
{"pos":[-91.1090698,231.782333,25.3251514],"rotationMatrix":[-0.170087025,0.985429049,0,-0.985429049,-0.170087025,0,0,0,1],"scale":1,"type":"tree_beech_bush_a"}
{"pos":[-95.7682343,229.02005,25.2963581],"rotationMatrix":[0.992558539,-0.121768408,0,0.121768408,0.992558539,0,0,0,1],"scale":1,"type":"tree_beech_bush_a"}
{"pos":[247.188431,-238.773071,49.2520714],"rotationMatrix":[0.224113882,0.974562943,0,-0.974562943,0.224113882,0,0,0,1],"scale":1,"type":"tree_beech_bush_a"}
{"pos":[248.295898,-243.327896,49.2437057],"rotationMatrix":[-0.323345959,-0.946280837,0,0.946280837,-0.323345959,0,0,0,1],"scale":1,"type":"tree_beech_bush_a"}
{"pos":[243.136505,-234.338165,49.613678],"rotationMatrix":[0.320140392,0.947370112,0,-0.947370112,0.320140392,0,0,0,1],"scale":1,"type":"tree_beech_bush_a"}
{"pos":[241.734711,-232.673264,48.9005737],"rotationMatrix":[-0.999898791,-0.014228492,0,0.014228492,-0.999898791,0,0,0,1],"scale":1,"type":"tree_beech_bush_a"}
{"pos":[248.808441,-241.524704,49.2162895],"rotationMatrix":[0.972123027,0.234471247,0,-0.234471247,0.972123027,0,0,0,1],"scale":1,"type":"tree_beech_bush_a"}
{"pos":[-215.243195,270.144348,25.0030308],"rotationMatrix":[-0.449317038,-0.893372357,0,0.893372357,-0.449317038,0,0,0,1],"scale":1,"type":"tree_beech_bush_a"}
{"pos":[-216.759628,277.606293,25.4213257],"rotationMatrix":[0.908957541,0.416888684,0,-0.416888684,0.908957541,0,0,0,1],"scale":1,"type":"tree_beech_bush_a"}
{"pos":[-216.478775,273.316132,24.9996452],"rotationMatrix":[-0.999941707,-0.0107948193,0,0.0107948193,-0.999941707,0,0,0,1],"scale":1,"type":"tree_beech_bush_a"}
{"pos":[-216.612076,268.6745,25.0132484],"rotationMatrix":[0.680072069,0.733145297,0,-0.733145297,0.680072069,0,0,0,1],"scale":1,"type":"tree_beech_bush_a"}
{"pos":[-216.917435,265.872009,25.1140976],"rotationMatrix":[-0.784206212,0.620500326,0,-0.620500326,-0.784206212,0,0,0,1],"scale":1,"type":"tree_beech_bush_a"}
{"pos":[-217.398865,267.918152,25.0198879],"rotationMatrix":[0.189492479,0.981882155,0,-0.981882155,0.189492479,0,0,0,1],"scale":1,"type":"tree_beech_bush_a"}
{"pos":[-206.917908,223.258347,25.3647137],"rotationMatrix":[0.96326381,-0.268557012,0,0.268557012,0.96326381,0,0,0,1],"scale":1,"type":"tree_beech_bush_a"}
{"pos":[-207.33873,226.803925,25.2143955],"rotationMatrix":[0.82389617,0.566740811,0,-0.566740811,0.82389617,0,0,0,1],"scale":1,"type":"tree_beech_bush_a"}
{"pos":[37.7506294,344.091675,86.9297485],"rotationMatrix":[-0.876777351,0.480896443,0,-0.480896443,-0.876777351,0,0,0,1],"scale":1,"type":"tree_beech_bush_a"}
{"pos":[37.6139374,350.776031,91.1633224],"rotationMatrix":[-0.289922088,-0.957050204,0,0.957050204,-0.289922088,0,0,0,1],"scale":1,"type":"tree_beech_bush_a"}
{"pos":[42.344738,353.365082,91.4921112],"rotationMatrix":[0.999884009,0.0152332289,0,-0.0152332289,0.999884009,0,0,0,1],"scale":1,"type":"tree_beech_bush_a"}
{"pos":[43.4147873,345.672852,86.6131592],"rotationMatrix":[-0.890053928,0.455855131,0,-0.455855131,-0.890053928,0,0,0,1],"scale":1,"type":"tree_beech_bush_a"}
{"pos":[43.3108978,354.563019,91.7079163],"rotationMatrix":[-0.979908288,-0.199448511,0,0.199448511,-0.979908288,0,0,0,1],"scale":1,"type":"tree_beech_bush_a"}
{"pos":[44.5471191,344.728088,86.0504761],"rotationMatrix":[-0.239826709,-0.970815718,0,0.970815718,-0.239826709,0,0,0,1],"scale":1,"type":"tree_beech_bush_a"}
{"pos":[47.1733704,349.196625,87.501297],"rotationMatrix":[-0.996903181,-0.078638725,0,0.078638725,-0.996903181,0,0,0,1],"scale":1,"type":"tree_beech_bush_a"}
