{"pos":[-107.665016,537.636353,147.791367],"rotationMatrix":[0.769287586,0.638902843,0,-0.638902843,0.769287586,0,0,0,1],"scale":0.802668273,"type":"tree_beech_overhang_a"}
{"pos":[-101.443855,530.621338,145.698013],"rotationMatrix":[0.727672279,-0.685925007,0,0.685925007,0.727672279,0,0,0,1],"scale":0.937472463,"type":"tree_beech_overhang_a"}
{"pos":[-60.6854172,558.441406,174.483429],"rotationMatrix":[0.367205143,-0.930140018,0,0.930140018,0.367205143,0,0,0,1],"scale":0.818034232,"type":"tree_beech_overhang_a"}
{"pos":[-67.6088104,579.493164,183.709625],"rotationMatrix":[-0.876164138,0.482012749,0,-0.482012749,-0.876164138,0,0,0,1],"scale":1.11559522,"type":"tree_beech_overhang_a"}
{"pos":[-36.4593163,499.248932,174.90625],"rotationMatrix":[-0.755100012,0.655609667,0,-0.655609667,-0.755100012,0,0,0,1],"scale":0.801717699,"type":"tree_beech_overhang_a"}
{"pos":[-46.3193016,520.473877,167.57341],"rotationMatrix":[-0.219605073,-0.975588799,0,0.975588799,-0.219605073,0,0,0,1],"scale":0.905431032,"type":"tree_beech_overhang_a"}
{"pos":[-10.7579155,522.656067,185.652252],"rotationMatrix":[0.469311774,-0.883032501,0,0.883032501,0.469311774,0,0,0,1],"scale":1.0274955,"type":"tree_beech_overhang_a"}
{"pos":[-34.1724358,524.87146,174.219208],"rotationMatrix":[0.959663987,-0.281149417,0,0.281149417,0.959663987,0,0,0,1],"scale":1.13892698,"type":"tree_beech_overhang_a"}
{"pos":[-27.9512177,526.857788,179.877747],"rotationMatrix":[-0.955080628,0.296346247,0,-0.296346247,-0.955080628,0,0,0,1],"scale":1.14485824,"type":"tree_beech_overhang_a"}
{"pos":[-50.4002075,518.697754,164.803741],"rotationMatrix":[0.983049631,-0.183339283,0,0.183339283,0.983049631,0,0,0,1],"scale":0.990418792,"type":"tree_beech_overhang_a"}
{"pos":[-13.6410446,503.959442,182.099609],"rotationMatrix":[0.836593747,-0.547823846,0,0.547823846,0.836593747,0,0,0,1],"scale":0.939685225,"type":"tree_beech_overhang_a"}
{"pos":[-56.6171188,549.937073,168.445023],"rotationMatrix":[-0.800055385,0.599925995,0,-0.599925995,-0.800055385,0,0,0,1],"scale":0.867706299,"type":"tree_beech_overhang_a"}
{"pos":[-55.7110939,551.490234,171.626328],"rotationMatrix":[0.445423067,0.895320296,0,-0.895320296,0.445423067,0,0,0,1],"scale":1.06211078,"type":"tree_beech_overhang_a"}
{"pos":[-80.0149384,510.025452,139.055527],"rotationMatrix":[0.205518499,-0.978653252,0,0.978653252,0.205518499,0,0,0,1],"scale":1.02422178,"type":"tree_beech_overhang_a"}
{"pos":[-71.987648,506.777466,140.079834],"rotationMatrix":[-0.877857924,0.478921086,0,-0.478921086,-0.877857924,0,0,0,1],"scale":1.08803558,"type":"tree_beech_overhang_a"}
{"pos":[-66.2257843,483.457672,142.270691],"rotationMatrix":[-0.773438871,0.6338709,0,-0.6338709,-0.773438871,0,0,0,1],"scale":0.972596049,"type":"tree_beech_overhang_a"}
{"pos":[-44.9497566,511.706238,171.486023],"rotationMatrix":[0.341163814,0.940003932,0,-0.940003932,0.341163814,0,0,0,1],"scale":1.03219843,"type":"tree_beech_overhang_a"}
{"pos":[-48.8582077,439.263062,132.833252],"rotationMatrix":[0.993809938,-0.111092806,0,0.111092806,0.993809938,0,0,0,1],"scale":1.17444599,"type":"tree_beech_overhang_a"}
{"pos":[-51.9625702,437.292755,128.354706],"rotationMatrix":[0.843246102,-0.537527561,0,0.537527561,0.843246102,0,0,0,1],"scale":0.804301798,"type":"tree_beech_overhang_a"}
{"pos":[247.109314,495.485291,193.297958],"rotationMatrix":[0.983066559,-0.183248922,0,0.183248922,0.983066559,0,0,0,1],"scale":0.96937567,"type":"tree_beech_overhang_a"}
{"pos":[241.21257,500.798523,194.095016],"rotationMatrix":[-0.995914102,0.0903057232,0,-0.0903057232,-0.995914102,0,0,0,1],"scale":0.955725551,"type":"tree_beech_overhang_a"}
{"pos":[261.329315,513.53064,192.873245],"rotationMatrix":[0.724967778,-0.688782752,0,0.688782752,0.724967778,0,0,0,1],"scale":0.957868695,"type":"tree_beech_overhang_a"}
{"pos":[-375.143219,536.562012,118.53775],"rotationMatrix":[0.921916485,0.387388676,0,-0.387388676,0.921916485,0,0,0,1],"scale":1.12804127,"type":"tree_beech_overhang_a"}
{"pos":[-372.153625,536.780945,118.320702],"rotationMatrix":[-0.256733596,0.966482162,0,-0.966482162,-0.256733596,0,0,0,1],"scale":0.968823791,"type":"tree_beech_overhang_a"}
{"pos":[-374.249329,524.258972,112.319023],"rotationMatrix":[-0.927493393,-0.373839736,0,0.373839736,-0.927493393,0,0,0,1],"scale":0.815388858,"type":"tree_beech_overhang_a"}
{"pos":[-319.919891,506.730988,111.3554],"rotationMatrix":[0.42868799,-0.903452575,0,0.903452575,0.42868799,0,0,0,1],"scale":1.08029461,"type":"tree_beech_overhang_a"}
{"pos":[-316.178894,505.770508,111.458778],"rotationMatrix":[0.926685214,0.375838459,0,-0.375838459,0.926685214,0,0,0,1],"scale":1.08419287,"type":"tree_beech_overhang_a"}
