{"pos":[-231.049866,405.497803,30.0232639],"rotationMatrix":[0.54769516,0.836677969,0,-0.836677969,0.54769516,0,0,0,1],"scale":1.11182022,"type":"tree_aspen_small_low"}
{"pos":[-102.955246,229.508865,24.2201195],"rotationMatrix":[0.00596753787,-0.999982178,0,0.999982178,0.00596753787,0,0,0,1],"scale":1.30093384,"type":"tree_aspen_small_low"}
{"pos":[-118.072594,248.60762,27.1430912],"rotationMatrix":[-0.0560106449,-0.998430192,0,0.998430192,-0.0560106449,0,0,0,1],"scale":1.36355996,"type":"tree_aspen_small_low"}
{"pos":[-123.642799,234.629791,26.9407845],"rotationMatrix":[-0.823775709,-0.56691587,0,0.56691587,-0.823775709,0,0,0,1],"scale":0.941347361,"type":"tree_aspen_small_low"}
{"pos":[-120.349892,238.158981,26.7341213],"rotationMatrix":[0.926988125,0.375090688,0,-0.375090688,0.926988125,0,0,0,1],"scale":0.962903023,"type":"tree_aspen_small_low"}
{"pos":[-126.337372,229.434509,27.1438427],"rotationMatrix":[0.921805322,-0.387653083,0,0.387653083,0.921805322,0,0,0,1],"scale":1.29733729,"type":"tree_aspen_small_low"}
{"pos":[-116.86544,250.230637,26.7377777],"rotationMatrix":[-0.685286999,0.728273094,0,-0.728273094,-0.685286999,0,0,0,1],"scale":1.14184141,"type":"tree_aspen_small_low"}
{"pos":[-118.857018,225.001129,24.4959068],"rotationMatrix":[-0.917298615,-0.398199946,0,0.398199946,-0.917298615,0,0,0,1],"scale":1.09291506,"type":"tree_aspen_small_low"}
{"pos":[-115.686333,222.819565,25.052597],"rotationMatrix":[0.142246664,-0.989831269,0,0.989831269,0.142246664,0,0,0,1],"scale":1.09892941,"type":"tree_aspen_small_low"}
{"pos":[242.005249,-242.740677,49.5916786],"rotationMatrix":[-0.792746544,-0.60955143,0,0.60955143,-0.792746544,0,0,0,1],"scale":0.93066597,"type":"tree_aspen_small_low"}
{"pos":[-168.825912,487.191895,119.995102],"rotationMatrix":[0.132523209,-0.991179824,0,0.991179824,0.132523209,0,0,0,1],"scale":1.27799106,"type":"tree_aspen_small_low"}
{"pos":[-163.308487,472.367157,106.813515],"rotationMatrix":[-0.424137771,0.905597627,0,-0.905597627,-0.424137771,0,0,0,1],"scale":1.30215931,"type":"tree_aspen_small_low"}
{"pos":[-182.625031,483.47583,119.320877],"rotationMatrix":[-0.658499181,-0.752581418,0,0.752581418,-0.658499181,0,0,0,1],"scale":1.46154296,"type":"tree_aspen_small_low"}
{"pos":[-187.697205,461.985046,98.7072449],"rotationMatrix":[-0.28482914,0.958578229,0,-0.958578229,-0.28482914,0,0,0,1],"scale":0.956969619,"type":"tree_aspen_small_low"}
{"pos":[-234.483185,480.787201,92.402916],"rotationMatrix":[-0.195619598,0.98067987,0,-0.98067987,-0.195619598,0,0,0,1],"scale":1.41424966,"type":"tree_aspen_small_low"}
{"pos":[-224.868851,508.99939,124.291893],"rotationMatrix":[-0.22625038,-0.974069178,0,0.974069178,-0.22625038,0,0,0,1],"scale":1.43008614,"type":"tree_aspen_small_low"}
{"pos":[-204.767151,534.900146,136.437378],"rotationMatrix":[-0.994634688,0.103449278,0,-0.103449278,-0.994634688,0,0,0,1],"scale":1.48957932,"type":"tree_aspen_small_low"}
{"pos":[-211.314316,515.766418,128.850983],"rotationMatrix":[0.414127052,0.910219193,0,-0.910219193,0.414127052,0,0,0,1],"scale":0.964666128,"type":"tree_aspen_small_low"}
{"pos":[-224.38089,538.272339,135.478455],"rotationMatrix":[0.968634844,0.248488441,0,-0.248488441,0.968634844,0,0,0,1],"scale":0.987805843,"type":"tree_aspen_small_low"}
{"pos":[-176.571747,513.228394,132.640274],"rotationMatrix":[0.269731224,0.962935686,0,-0.962935686,0.269731224,0,0,0,1],"scale":1.00355113,"type":"tree_aspen_small_low"}
{"pos":[-239.950027,604.079773,174.592422],"rotationMatrix":[0.508732855,-0.860924423,0,0.860924423,0.508732855,0,0,0,1],"scale":1.20686245,"type":"tree_aspen_small_low"}
{"pos":[-143.667984,585.905701,169.546341],"rotationMatrix":[-0.99990797,-0.0135628907,0,0.0135628907,-0.99990797,0,0,0,1],"scale":1.03445077,"type":"tree_aspen_small_low"}
{"pos":[28.2757072,503.549316,192.090698],"rotationMatrix":[0.930942059,-0.365166754,0,0.365166754,0.930942059,0,0,0,1],"scale":0.961406827,"type":"tree_aspen_small_low"}
{"pos":[39.7291794,487.269958,193.324554],"rotationMatrix":[-0.998579085,-0.0532898232,0,0.0532898232,-0.998579085,0,0,0,1],"scale":1.31060147,"type":"tree_aspen_small_low"}
{"pos":[18.928093,475.363678,183.436096],"rotationMatrix":[0.373350114,0.927690625,0,-0.927690625,0.373350114,0,0,0,1],"scale":1.44458425,"type":"tree_aspen_small_low"}
{"pos":[19.5475407,454.527832,184.51178],"rotationMatrix":[-0.263752013,0.96459043,0,-0.96459043,-0.263752013,0,0,0,1],"scale":1.3572365,"type":"tree_aspen_small_low"}
{"pos":[24.710537,451.025482,187.333603],"rotationMatrix":[-0.850065827,0.526676536,0,-0.526676536,-0.850065827,0,0,0,1],"scale":1.06160593,"type":"tree_aspen_small_low"}
{"pos":[14.7690754,458.85675,180.467316],"rotationMatrix":[0.221193254,-0.975229979,0,0.975229979,0.221193254,0,0,0,1],"scale":1.38412213,"type":"tree_aspen_small_low"}
{"pos":[15.4796429,511.538971,192.647736],"rotationMatrix":[-0.0784005076,-0.996921897,0,0.996921897,-0.0784005076,0,0,0,1],"scale":1.28452182,"type":"tree_aspen_small_low"}
{"pos":[296.737793,456.459351,164.383118],"rotationMatrix":[0.878141165,-0.478401601,0,0.478401601,0.878141165,0,0,0,1],"scale":1.16796732,"type":"tree_aspen_small_low"}
{"pos":[293.191956,453.581543,164.902634],"rotationMatrix":[-0.522605121,-0.852574885,0,0.852574885,-0.522605121,0,0,0,1],"scale":0.940353334,"type":"tree_aspen_small_low"}
