{"pos":[-118.697006,233.816971,25.9076996],"rotationMatrix":[-0.87000972,0.493034571,0,-0.493034571,-0.87000972,0,0,0,1],"scale":1.08477211,"type":"tree_douglasfir_small_b"}
{"pos":[-104.111061,235.61412,25.3891125],"rotationMatrix":[0.504407823,-0.863465548,0,0.863465548,0.504407823,0,0,0,1],"scale":1.19375873,"type":"tree_douglasfir_small_b"}
{"pos":[-641.256714,210.292297,48.2300415],"rotationMatrix":[0.42907235,-0.903270125,0,0.903270125,0.42907235,0,0,0,1],"scale":1.02416086,"type":"tree_douglasfir_small_b"}
