{"pos":[561.849792,80.2730331,38.9200554],"rotationMatrix":[0.0107730487,-0.999941945,0,0.999941945,0.0107730487,0,0,0,1],"scale":1.49904549,"type":"tree_aspen_small_low_group"}
{"pos":[-115.434311,247.528381,26.0866165],"rotationMatrix":[0.526682556,0.850062072,0,-0.850062072,0.526682556,0,0,0,1],"scale":1.27214909,"type":"tree_aspen_small_low_group"}
{"pos":[243.009903,-246.198792,49.4324379],"rotationMatrix":[0.63551724,-0.77208668,0,0.77208668,0.63551724,0,0,0,1],"scale":0.939449847,"type":"tree_aspen_small_low_group"}
{"pos":[-388.775787,129.974823,28.3322296],"rotationMatrix":[-0.89127779,-0.453457743,0,0.453457743,-0.89127779,0,0,0,1],"scale":1.28614843,"type":"tree_aspen_small_low_group"}
{"pos":[-160.821838,482.353546,116.848969],"rotationMatrix":[0.924568355,0.381016225,0,-0.381016225,0.924568355,0,0,0,1],"scale":1.1984427,"type":"tree_aspen_small_low_group"}
{"pos":[-159.02626,485.548126,119.795311],"rotationMatrix":[-0.133356094,0.991068125,0,-0.991068125,-0.133356094,0,0,0,1],"scale":1.3883338,"type":"tree_aspen_small_low_group"}
{"pos":[-164.95015,478.689087,114.533707],"rotationMatrix":[-0.994511485,0.104627073,0,-0.104627073,-0.994511485,0,0,0,1],"scale":1.24386942,"type":"tree_aspen_small_low_group"}
{"pos":[-155.107925,475.518097,110.938309],"rotationMatrix":[0.965612233,0.259986699,0,-0.259986699,0.965612233,0,0,0,1],"scale":1.30366874,"type":"tree_aspen_small_low_group"}
{"pos":[-162.14418,477.348114,111.248756],"rotationMatrix":[-0.912472665,-0.409137785,0,0.409137785,-0.912472665,0,0,0,1],"scale":1.25702953,"type":"tree_aspen_small_low_group"}
{"pos":[-183.882996,482.04895,115.345291],"rotationMatrix":[0.58719945,0.809442341,0,-0.809442341,0.58719945,0,0,0,1],"scale":1.38483286,"type":"tree_aspen_small_low_group"}
{"pos":[-192.991699,480.757568,106.082733],"rotationMatrix":[0.571503282,0.820599854,0,-0.820599854,0.571503282,0,0,0,1],"scale":1.08863294,"type":"tree_aspen_small_low_group"}
{"pos":[-206.376663,523.892212,130.532516],"rotationMatrix":[-0.79929781,0.600934923,0,-0.600934923,-0.79929781,0,0,0,1],"scale":1.31446886,"type":"tree_aspen_small_low_group"}
{"pos":[-218.767303,516.161987,128.506271],"rotationMatrix":[0.881108642,0.47291398,0,-0.47291398,0.881108642,0,0,0,1],"scale":0.91752845,"type":"tree_aspen_small_low_group"}
{"pos":[-176.47757,525.491089,136.260529],"rotationMatrix":[0.990171492,0.139858216,0,-0.139858216,0.990171492,0,0,0,1],"scale":1.41454053,"type":"tree_aspen_small_low_group"}
{"pos":[-165.396042,584.082153,167.723648],"rotationMatrix":[-0.83683902,0.547448874,0,-0.547448874,-0.83683902,0,0,0,1],"scale":1.48048437,"type":"tree_aspen_small_low_group"}
{"pos":[-211.569595,573.953674,157.162888],"rotationMatrix":[-0.941603482,0.336723834,0,-0.336723834,-0.941603482,0,0,0,1],"scale":1.10213995,"type":"tree_aspen_small_low_group"}
{"pos":[-116.933479,580.622314,169.581696],"rotationMatrix":[-0.0109926071,0.999939561,0,-0.999939561,-0.0109926071,0,0,0,1],"scale":1.46756327,"type":"tree_aspen_small_low_group"}
{"pos":[-136.806503,591.583008,170.771469],"rotationMatrix":[-0.447923213,-0.894071996,0,0.894071996,-0.447923213,0,0,0,1],"scale":1.31355929,"type":"tree_aspen_small_low_group"}
{"pos":[-151.300247,553.755676,147.701263],"rotationMatrix":[0.959274173,-0.282476634,0,0.282476634,0.959274173,0,0,0,1],"scale":0.914437056,"type":"tree_aspen_small_low_group"}
{"pos":[-135.919647,551.168152,149.240143],"rotationMatrix":[0.661083639,0.750312328,0,-0.750312328,0.661083639,0,0,0,1],"scale":1.31153679,"type":"tree_aspen_small_low_group"}
{"pos":[17.1701813,468.12088,184.963394],"rotationMatrix":[0.313698828,-0.949522495,0,0.949522495,0.313698828,0,0,0,1],"scale":0.908768237,"type":"tree_aspen_small_low_group"}
{"pos":[21.259922,462.379181,185.999985],"rotationMatrix":[0.270059943,-0.962843537,0,0.962843537,0.270059943,0,0,0,1],"scale":0.955253363,"type":"tree_aspen_small_low_group"}
{"pos":[12.4383049,453.602417,179.491135],"rotationMatrix":[0.997561693,-0.0697893798,0,0.0697893798,0.997561693,0,0,0,1],"scale":1.0606271,"type":"tree_aspen_small_low_group"}
{"pos":[290.759125,450.25238,163.671997],"rotationMatrix":[0.194300145,0.98094219,0,-0.98094219,0.194300145,0,0,0,1],"scale":1.07428932,"type":"tree_aspen_small_low_group"}
{"pos":[29.3006325,362.66571,98.0866776],"rotationMatrix":[0.654703557,-0.75588572,0,0.75588572,0.654703557,0,0,0,1],"scale":1.04441929,"type":"tree_aspen_small_low_group"}
{"pos":[46.317421,384.014771,103.043282],"rotationMatrix":[0.344529182,0.938775659,0,-0.938775659,0.344529182,0,0,0,1],"scale":1.06397724,"type":"tree_aspen_small_low_group"}
{"pos":[58.2760849,372.277008,100.732643],"rotationMatrix":[-0.942410946,-0.334457099,0,0.334457099,-0.942410946,0,0,0,1],"scale":1.10535026,"type":"tree_aspen_small_low_group"}
{"pos":[53.8046494,385.278839,102.995399],"rotationMatrix":[-0.826910436,-0.562333524,0,0.562333524,-0.826910436,0,0,0,1],"scale":1.04828465,"type":"tree_aspen_small_low_group"}
{"pos":[34.4917908,387.414307,107.065468],"rotationMatrix":[-0.91376853,0.406235278,0,-0.406235278,-0.91376853,0,0,0,1],"scale":1.08079457,"type":"tree_aspen_small_low_group"}
{"pos":[30.9424419,396.979004,111.850754],"rotationMatrix":[-0.92649883,-0.376297623,0,0.376297623,-0.92649883,0,0,0,1],"scale":1.1999414,"type":"tree_aspen_small_low_group"}
{"pos":[17.3315086,357.349182,97.5105286],"rotationMatrix":[-0.0372769907,0.999304891,0,-0.999304891,-0.0372769907,0,0,0,1],"scale":1.17552471,"type":"tree_aspen_small_low_group"}
{"pos":[29.1127911,399.997375,114.565887],"rotationMatrix":[0.905035496,0.425336152,0,-0.425336152,0.905035496,0,0,0,1],"scale":1.23628056,"type":"tree_aspen_small_low_group"}
{"pos":[37.3752022,399.375153,113.317398],"rotationMatrix":[0.427361518,-0.904080808,0,0.904080808,0.427361518,0,0,0,1],"scale":0.971623659,"type":"tree_aspen_small_low_group"}
{"pos":[40.6113815,397.801697,105.751167],"rotationMatrix":[-0.392020077,-0.919956684,0,0.919956684,-0.392020077,0,0,0,1],"scale":1.26940262,"type":"tree_aspen_small_low_group"}
{"pos":[206.109955,457.080353,205.238983],"rotationMatrix":[0.941554666,-0.33686009,0,0.33686009,0.941554666,0,0,0,1],"scale":1.29388666,"type":"tree_aspen_small_low_group"}
