{"pos":[-150.483643,384.178558,30.4602356],"rotationMatrix":[0.972898364,-0.23123306,0,0.23123306,0.972898364,0,0,0,1],"scale":0.926905513,"type":"tree_douglasfir_bush_b"}
{"pos":[-583.561768,279.123474,44.3155403],"rotationMatrix":[0.595172226,-0.803598166,0,0.803598166,0.595172226,0,0,0,1],"scale":1.2640444,"type":"tree_douglasfir_bush_b"}
{"pos":[-565.051208,260.581482,39.4810829],"rotationMatrix":[0.276812255,0.960924029,0,-0.960924029,0.276812255,0,0,0,1],"scale":0.948563695,"type":"tree_douglasfir_bush_b"}
{"pos":[-570.003418,272.463104,40.7040215],"rotationMatrix":[-0.994894207,0.100923412,0,-0.100923412,-0.994894207,0,0,0,1],"scale":1.06290853,"type":"tree_douglasfir_bush_b"}
{"pos":[-564.043091,254.940292,39.6191025],"rotationMatrix":[-0.845762253,-0.533559918,0,0.533559918,-0.845762253,0,0,0,1],"scale":1.03895414,"type":"tree_douglasfir_bush_b"}
{"pos":[-662.250122,-81.6664047,44.245842],"rotationMatrix":[0.846118212,-0.532995284,0,0.532995284,0.846118212,0,0,0,1],"scale":0.960041761,"type":"tree_douglasfir_bush_b"}
