{"pos":[-566.046936,253.183899,37.9360275],"rotationMatrix":[0.533983409,0.845494986,0,-0.845494986,0.533983409,0,0,0,1],"scale":1.24673557,"type":"tree_douglasfir_group_low"}
{"pos":[-575.627563,245.097015,40.0274124],"rotationMatrix":[-0.984515369,-0.175298437,0,0.175298437,-0.984515369,0,0,0,1],"scale":1.18049932,"type":"tree_douglasfir_group_low"}
{"pos":[-616.233948,258.931488,43.4298019],"rotationMatrix":[0.835609615,0.549323738,0,-0.549323738,0.835609615,0,0,0,1],"scale":1.10558426,"type":"tree_douglasfir_group_low"}
{"pos":[-585.084534,270.926056,42.7164764],"rotationMatrix":[0.779461324,0.6264503,0,-0.6264503,0.779461324,0,0,0,1],"scale":1.29252231,"type":"tree_douglasfir_group_low"}
{"pos":[-602.561462,242.848068,42.3249168],"rotationMatrix":[0.52689296,-0.849931657,0,0.849931657,0.52689296,0,0,0,1],"scale":1.12381279,"type":"tree_douglasfir_group_low"}
{"pos":[-560.910461,256.58606,37.5522003],"rotationMatrix":[-0.782578707,0.62255168,0,-0.62255168,-0.782578707,0,0,0,1],"scale":1.31248569,"type":"tree_douglasfir_group_low"}
{"pos":[-565.412964,239.269287,38.311657],"rotationMatrix":[-0.205736324,-0.978607476,0,0.978607476,-0.205736324,0,0,0,1],"scale":1.23333549,"type":"tree_douglasfir_group_low"}
{"pos":[-645.345093,257.469299,51.4969711],"rotationMatrix":[0.445168734,-0.895446718,0,0.895446718,0.445168734,0,0,0,1],"scale":1.30098355,"type":"tree_douglasfir_group_low"}
{"pos":[-636.605103,248.915192,46.686306],"rotationMatrix":[-0.0985180885,-0.995135248,0,0.995135248,-0.0985180885,0,0,0,1],"scale":1.37190306,"type":"tree_douglasfir_group_low"}
{"pos":[-589.620361,237.873138,42.2867317],"rotationMatrix":[-0.564401627,-0.825500309,0,0.825500309,-0.564401627,0,0,0,1],"scale":1.2144351,"type":"tree_douglasfir_group_low"}
{"pos":[-604.501587,254.540482,42.2628174],"rotationMatrix":[-0.0782097206,-0.996936917,0,0.996936917,-0.0782097206,0,0,0,1],"scale":1.2534287,"type":"tree_douglasfir_group_low"}
{"pos":[-631.528748,239.161758,45.377121],"rotationMatrix":[0.00194032467,-0.999998093,0,0.999998093,0.00194032467,0,0,0,1],"scale":1.32007372,"type":"tree_douglasfir_group_low"}
{"pos":[-657.838135,-73.9772873,43.7514191],"rotationMatrix":[0.758101463,0.652136624,0,-0.652136624,0.758101463,0,0,0,1],"scale":1.11602962,"type":"tree_douglasfir_group_low"}
{"pos":[-665.266968,171.838882,44.9626999],"rotationMatrix":[0.43770951,-0.899116457,0,0.899116457,0.43770951,0,0,0,1],"scale":1.19693339,"type":"tree_douglasfir_group_low"}
{"pos":[-667.747253,135.227661,45.5574875],"rotationMatrix":[0.528803289,0.848744392,0,-0.848744392,0.528803289,0,0,0,1],"scale":1.32500196,"type":"tree_douglasfir_group_low"}
{"pos":[-592.396057,259.885284,42.9884872],"rotationMatrix":[-0.976993322,0.21326986,0,-0.21326986,-0.976993322,0,0,0,1],"scale":1.27347398,"type":"tree_douglasfir_group_low"}
{"pos":[-594.849243,263.895569,43.841114],"rotationMatrix":[0.806274116,0.591542125,0,-0.591542125,0.806274116,0,0,0,1],"scale":1.395383,"type":"tree_douglasfir_group_low"}
