{"pos":[-138.389191,374.925842,31.1993523],"rotationMatrix":[-0.639586568,-0.768719077,0,0.768719077,-0.639586568,0,0,0,1],"scale":1.39999998,"type":"tree_douglasfir_large_d"}
{"pos":[1.45787621,-558.739563,49.1834831],"rotationMatrix":[-0.25319913,0.9674142,0,-0.9674142,-0.25319913,0,0,0,1],"scale":1.39999998,"type":"tree_douglasfir_large_d"}
{"pos":[680.866638,-364.234406,82.8825684],"rotationMatrix":[-0.903358579,-0.428886145,0,0.428886145,-0.903358579,0,0,0,1],"scale":1.39999998,"type":"tree_douglasfir_large_d"}
