{"pos":[255.202072,69.9240112,26.6156254],"rotationMatrix":[0.897683144,-0.440641522,0,0.440641522,0.897683144,0,0,0,1],"scale":0.918648422,"type":"tree_aspen_bush_a"}
{"pos":[256.869232,70.0586929,27.472868],"rotationMatrix":[0.797838211,0.602871656,0,-0.602871656,0.797838211,0,0,0,1],"scale":1.01044655,"type":"tree_aspen_bush_a"}
{"pos":[254.685272,70.8761368,26.0664711],"rotationMatrix":[0.86120379,-0.508259773,0,0.508259773,0.86120379,0,0,0,1],"scale":0.966900229,"type":"tree_aspen_bush_a"}
{"pos":[223.645615,-203.860153,32.6526146],"rotationMatrix":[-0.904805183,-0.425825745,0,0.425825745,-0.904805183,0,0,0,1],"scale":0.969791055,"type":"tree_aspen_bush_a"}
{"pos":[229.168152,-201.172409,35.7013092],"rotationMatrix":[0.179183289,0.98381573,0,-0.98381573,0.179183289,0,0,0,1],"scale":0.892595232,"type":"tree_aspen_bush_a"}
{"pos":[231.735184,-202.994125,37.6492882],"rotationMatrix":[0.914864182,-0.403761655,0,0.403761655,0.914864182,0,0,0,1],"scale":1.02879274,"type":"tree_aspen_bush_a"}
{"pos":[226.334839,-126.967613,26.8348274],"rotationMatrix":[-0.994963825,-0.100234382,0,0.100234382,-0.994963825,0,0,0,1],"scale":0.957087517,"type":"tree_aspen_bush_a"}
{"pos":[227.243088,-124.378891,26.8121204],"rotationMatrix":[0.189573944,0.981866419,0,-0.981866419,0.189573944,0,0,0,1],"scale":1.1417371,"type":"tree_aspen_bush_a"}
{"pos":[228.763382,-123.798653,26.9129505],"rotationMatrix":[-0.168563485,-0.985690773,0,0.985690773,-0.168563485,0,0,0,1],"scale":1.08473575,"type":"tree_aspen_bush_a"}
{"pos":[220.518311,-233.716064,37.8996811],"rotationMatrix":[0.648519039,-0.761198401,0,0.761198401,0.648519039,0,0,0,1],"scale":1.01212144,"type":"tree_aspen_bush_a"}
{"pos":[218.348801,-235.087631,37.1585274],"rotationMatrix":[0.746057868,0.665881097,0,-0.665881097,0.746057868,0,0,0,1],"scale":0.894874036,"type":"tree_aspen_bush_a"}
{"pos":[231.89238,-231.095047,43.3538628],"rotationMatrix":[-0.532820523,0.846228242,0,-0.846228242,-0.532820523,0,0,0,1],"scale":0.929277778,"type":"tree_aspen_bush_a"}
{"pos":[233.588547,-220.07811,41.4852905],"rotationMatrix":[-0.239510015,-0.970893919,0,0.970893919,-0.239510015,0,0,0,1],"scale":1.17428482,"type":"tree_aspen_bush_a"}
{"pos":[226.988815,-231.619324,40.963295],"rotationMatrix":[-0.988910019,-0.14851585,0,0.14851585,-0.988910019,0,0,0,1],"scale":0.828160286,"type":"tree_aspen_bush_a"}
{"pos":[-150.977478,204.933868,31.8807907],"rotationMatrix":[-0.632210076,-0.774797022,0,0.774797022,-0.632210076,0,0,0,1],"scale":0.981303394,"type":"tree_aspen_bush_a"}
{"pos":[-145.819809,192.096756,31.9144325],"rotationMatrix":[-0.155054718,-0.98790586,0,0.98790586,-0.155054718,0,0,0,1],"scale":1.13087833,"type":"tree_aspen_bush_a"}
{"pos":[-145.059387,189.881439,31.9069099],"rotationMatrix":[0.684861481,0.728673279,0,-0.728673279,0.684861481,0,0,0,1],"scale":0.990537405,"type":"tree_aspen_bush_a"}
{"pos":[-155.911224,374.227234,29.8671207],"rotationMatrix":[-0.996885717,-0.0788597688,0,0.0788597688,-0.996885717,0,0,0,1],"scale":0.962861896,"type":"tree_aspen_bush_a"}
{"pos":[-156.892776,374.507874,29.7447014],"rotationMatrix":[0.568803012,-0.822473764,0,0.822473764,0.568803012,0,0,0,1],"scale":1.02862787,"type":"tree_aspen_bush_a"}
{"pos":[-162.909973,377.734924,28.9835262],"rotationMatrix":[0.183543861,0.983011544,0,-0.983011544,0.183543861,0,0,0,1],"scale":1.09087467,"type":"tree_aspen_bush_a"}
{"pos":[-165.922821,381.071655,28.2469978],"rotationMatrix":[-0.588002563,-0.80885905,0,0.80885905,-0.588002563,0,0,0,1],"scale":1.11405778,"type":"tree_aspen_bush_a"}
{"pos":[-167.665024,383.177246,27.9694118],"rotationMatrix":[0.609062672,-0.793122113,0,0.793122113,0.609062672,0,0,0,1],"scale":0.850663066,"type":"tree_aspen_bush_a"}
{"pos":[-169.220871,384.04422,27.8665657],"rotationMatrix":[0.7843979,0.620257914,0,-0.620257914,0.7843979,0,0,0,1],"scale":1.06250525,"type":"tree_aspen_bush_a"}
{"pos":[-170.471848,384.794128,27.8979549],"rotationMatrix":[0.548370123,-0.836235702,0,0.836235702,0.548370123,0,0,0,1],"scale":0.848349094,"type":"tree_aspen_bush_a"}
{"pos":[-147.483963,379.880005,30.6592197],"rotationMatrix":[-0.794132948,-0.607744098,0,0.607744098,-0.794132948,0,0,0,1],"scale":1.06581175,"type":"tree_aspen_bush_a"}
{"pos":[-148.07518,376.59317,30.6263142],"rotationMatrix":[-0.639436126,0.768844187,0,-0.768844187,-0.639436126,0,0,0,1],"scale":0.964253306,"type":"tree_aspen_bush_a"}
{"pos":[-149.955917,377.851807,30.2591305],"rotationMatrix":[0.881199777,-0.472744018,0,0.472744018,0.881199777,0,0,0,1],"scale":0.856109798,"type":"tree_aspen_bush_a"}
{"pos":[-150.578629,377.844147,30.2080231],"rotationMatrix":[-0.250571579,0.968098104,0,-0.968098104,-0.250571579,0,0,0,1],"scale":0.809433818,"type":"tree_aspen_bush_a"}
{"pos":[-167.870453,380.798065,28.0680599],"rotationMatrix":[-0.314913869,0.949120283,0,-0.949120283,-0.314913869,0,0,0,1],"scale":1.00109065,"type":"tree_aspen_bush_a"}
{"pos":[-168.645203,381.459839,27.9345055],"rotationMatrix":[0.959498048,-0.281715333,0,0.281715333,0.959498048,0,0,0,1],"scale":0.851448953,"type":"tree_aspen_bush_a"}
{"pos":[-151.510651,371.872192,30.1112194],"rotationMatrix":[-0.988782525,-0.14936246,0,0.14936246,-0.988782525,0,0,0,1],"scale":1.01284933,"type":"tree_aspen_bush_a"}
{"pos":[-149.790833,370.446472,30.1260052],"rotationMatrix":[0.740512729,-0.67204231,0,0.67204231,0.740512729,0,0,0,1],"scale":1.13995278,"type":"tree_aspen_bush_a"}
{"pos":[-125.635681,223.947311,26.319891],"rotationMatrix":[-0.949926555,0.312473297,0,-0.312473297,-0.949926555,0,0,0,1],"scale":0.947065651,"type":"tree_aspen_bush_a"}
{"pos":[-97.8706436,229.133896,25.2130318],"rotationMatrix":[-0.921881676,0.387471557,0,-0.387471557,-0.921881676,0,0,0,1],"scale":1.146541,"type":"tree_aspen_bush_a"}
{"pos":[-93.3675308,235.673523,25.4899368],"rotationMatrix":[-0.0683432966,-0.997661889,0,0.997661889,-0.0683432966,0,0,0,1],"scale":0.801590264,"type":"tree_aspen_bush_a"}
{"pos":[246.296356,-242.045242,49.2899971],"rotationMatrix":[0.405317396,0.914176047,0,-0.914176047,0.405317396,0,0,0,1],"scale":1.06218469,"type":"tree_aspen_bush_a"}
{"pos":[-222.084991,262.965881,25.0062733],"rotationMatrix":[-0.976513863,-0.215454534,0,0.215454534,-0.976513863,0,0,0,1],"scale":0.816873133,"type":"tree_aspen_bush_a"}
{"pos":[-214.622635,270.889862,25.0748768],"rotationMatrix":[-0.852443099,-0.522820055,0,0.522820055,-0.852443099,0,0,0,1],"scale":1.05379975,"type":"tree_aspen_bush_a"}
{"pos":[-216.844345,272.023804,24.9388409],"rotationMatrix":[0.420299143,0.907385588,0,-0.907385588,0.420299143,0,0,0,1],"scale":1.04012775,"type":"tree_aspen_bush_a"}
{"pos":[-215.406357,269.240631,25.0012207],"rotationMatrix":[0.704033792,0.710166514,0,-0.710166514,0.704033792,0,0,0,1],"scale":0.815853417,"type":"tree_aspen_bush_a"}
{"pos":[-218.943253,268.782593,24.9711761],"rotationMatrix":[0.943545997,0.331241578,0,-0.331241578,0.943545997,0,0,0,1],"scale":0.872930944,"type":"tree_aspen_bush_a"}
{"pos":[-216.760468,267.005005,24.971571],"rotationMatrix":[-0.935305595,0.353841037,0,-0.353841037,-0.935305595,0,0,0,1],"scale":0.87353617,"type":"tree_aspen_bush_a"}
{"pos":[-207.195221,224.605499,25.270731],"rotationMatrix":[-0.546395898,0.837527037,0,-0.837527037,-0.546395898,0,0,0,1],"scale":1.05807984,"type":"tree_aspen_bush_a"}
{"pos":[-207.925018,226.103973,25.1785164],"rotationMatrix":[-0.813655257,0.581347704,0,-0.581347704,-0.813655257,0,0,0,1],"scale":0.856309056,"type":"tree_aspen_bush_a"}
{"pos":[-206.973648,227.880768,25.1534252],"rotationMatrix":[0.999993384,0.00363093219,0,-0.00363093219,0.999993384,0,0,0,1],"scale":1.14250982,"type":"tree_aspen_bush_a"}
{"pos":[-207.752914,229.893967,25.0521278],"rotationMatrix":[0.92439872,0.381427526,0,-0.381427526,0.92439872,0,0,0,1],"scale":1.15984619,"type":"tree_aspen_bush_a"}
{"pos":[-208.473618,230.703568,25.0369911],"rotationMatrix":[-0.478736997,0.877958357,0,-0.877958357,-0.478736997,0,0,0,1],"scale":1.13678002,"type":"tree_aspen_bush_a"}
{"pos":[-212.550156,235.078018,25.0131416],