{"pos":[-106.930519,233.844299,25.3911953],"rotationMatrix":[-0.873766184,-0.486346245,0,0.486346245,-0.873766184,0,0,0,1],"scale":1.10339499,"type":"tree_douglasfir_small_c"}
{"pos":[-572.8349,256.003998,42.0932312],"rotationMatrix":[-0.728565037,-0.684976578,0,0.684976578,-0.728565037,0,0,0,1],"scale":1.13673902,"type":"tree_douglasfir_small_c"}
{"pos":[-572.030029,260.049164,41.6032677],"rotationMatrix":[0.896797895,0.442440361,0,-0.442440361,0.896797895,0,0,0,1],"scale":1.15387821,"type":"tree_douglasfir_small_c"}
{"pos":[-574.900085,266.980255,42.4522781],"rotationMatrix":[-0.703375757,-0.710818172,0,0.710818172,-0.703375757,0,0,0,1],"scale":1.10969436,"type":"tree_douglasfir_small_c"}
{"pos":[225.457703,-637.996094,56.0654182],"rotationMatrix":[-0.639973581,-0.768396914,0,0.768396914,-0.639973581,0,0,0,1],"scale":1.0515542,"type":"tree_douglasfir_small_c"}
{"pos":[-2.11346436,-554.31842,49.1647644],"rotationMatrix":[0.444629461,-0.895714581,0,0.895714581,0.444629461,0,0,0,1],"scale":1.22562015,"type":"tree_douglasfir_small_c"}
{"pos":[-608.850708,248.778717,43.9254456],"rotationMatrix":[-0.986207247,-0.165514991,0,0.165514991,-0.986207247,0,0,0,1],"scale":1.27343905,"type":"tree_douglasfir_small_c"}
{"pos":[-568.606812,259.31958,40.4564896],"rotationMatrix":[-0.791794896,0.610787094,0,-0.610787094,-0.791794896,0,0,0,1],"scale":0.901918292,"type":"tree_douglasfir_small_c"}
{"pos":[-630.039246,235.190643,46.2247314],"rotationMatrix":[-0.948305607,0.317358613,0,-0.317358613,-0.948305607,0,0,0,1],"scale":1.05048347,"type":"tree_douglasfir_small_c"}
{"pos":[670.018799,-420.797241,98.9561768],"rotationMatrix":[0.264449418,0.964399576,0,-0.964399576,0.264449418,0,0,0,1],"scale":1.22699261,"type":"tree_douglasfir_small_c"}
{"pos":[-568.159424,254.944641,40.7774391],"rotationMatrix":[-0.61027658,-0.792188406,0,0.792188406,-0.61027658,0,0,0,1],"scale":1.13790464,"type":"tree_douglasfir_small_c"}
{"pos":[1124.29187,-720.166626,120.432297],"rotationMatrix":[0.901940405,-0.431860477,0,0.431860477,0.901940405,0,0,0,1],"scale":1.06275785,"type":"tree_douglasfir_small_c"}
