{"pos":[-149.336273,380.045807,30.0925846],"rotationMatrix":[0.942046344,0.335482717,0,-0.335482717,0.942046344,0,0,0,1],"scale":1.02536535,"type":"tree_douglasfir_large_a"}
{"pos":[-98.7952118,237.906036,25.4002094],"rotationMatrix":[0.319217324,0.947681546,0,-0.947681546,0.319217324,0,0,0,1],"scale":1.06131601,"type":"tree_douglasfir_large_a"}
{"pos":[-579.819153,266.015015,43.45261],"rotationMatrix":[0.644132078,-0.764914274,0,0.764914274,0.644132078,0,0,0,1],"scale":0.972485363,"type":"tree_douglasfir_large_a"}
{"pos":[-566.78772,269.372894,39.8038979],"rotationMatrix":[-0.482449979,-0.875923514,0,0.875923514,-0.482449979,0,0,0,1],"scale":1.03349972,"type":"tree_douglasfir_large_a"}
{"pos":[-574.938904,258.440399,41.6884995],"rotationMatrix":[0.331453651,0.943471491,0,-0.943471491,0.331453651,0,0,0,1],"scale":1.15253758,"type":"tree_douglasfir_large_a"}
{"pos":[-560.31488,260.527222,37.9402809],"rotationMatrix":[0.999294519,0.0375557467,0,-0.0375557467,0.999294519,0,0,0,1],"scale":1.18785298,"type":"tree_douglasfir_large_a"}
{"pos":[-563.326599,265.780853,38.6724129],"rotationMatrix":[-0.987466395,-0.157829285,0,0.157829285,-0.987466395,0,0,0,1],"scale":1.19430852,"type":"tree_douglasfir_large_a"}
{"pos":[-606.210876,263.739777,44.7521477],"rotationMatrix":[0.997116148,-0.0758903921,0,0.0758903921,0.997116148,0,0,0,1],"scale":1.28608823,"type":"tree_douglasfir_large_a"}
{"pos":[-594.128662,245.095993,43.3137779],"rotationMatrix":[0.493525833,0.869731128,0,-0.869731128,0.493525833,0,0,0,1],"scale":1.05928254,"type":"tree_douglasfir_large_a"}
