{"pos":[214.218842,-216.400818,28.8693295],"rotationMatrix":[-0.992960632,0.118445009,0,-0.118445009,-0.992960632,0,0,0,1],"scale":0.948048115,"type":"tree_oak_bush_a"}
{"pos":[221.569138,-219.33548,34.4884834],"rotationMatrix":[0.936940551,0.349488795,0,-0.349488795,0.936940551,0,0,0,1],"scale":1.20363152,"type":"tree_oak_bush_a"}
{"pos":[-150.512375,373.14447,30.3337955],"rotationMatrix":[0.852468193,0.522779107,0,-0.522779107,0.852468193,0,0,0,1],"scale":0.766330898,"type":"tree_oak_bush_a"}
{"pos":[-137.141418,367.151978,31.3977432],"rotationMatrix":[0.616977811,-0.78698051,0,0.78698051,0.616977811,0,0,0,1],"scale":0.705363631,"type":"tree_oak_bush_a"}
{"pos":[-174.772339,380.908936,28.083271],"rotationMatrix":[-0.923149228,0.384441823,0,-0.384441823,-0.923149228,0,0,0,1],"scale":0.933553696,"type":"tree_oak_bush_a"}
{"pos":[-187.255234,388.238129,27.7335167],"rotationMatrix":[0.0315896906,-0.99950093,0,0.99950093,0.0315896906,0,0,0,1],"scale":1.20674872,"type":"tree_oak_bush_a"}
{"pos":[-238.085632,393.630798,29.1286774],"rotationMatrix":[-0.999999285,-0.00120702561,0,0.00120702561,-0.999999285,0,0,0,1],"scale":1.09434831,"type":"tree_oak_bush_a"}
{"pos":[-235.861053,393.63269,29.1132679],"rotationMatrix":[0.743673325,0.66854322,0,-0.66854322,0.743673325,0,0,0,1],"scale":1.1689285,"type":"tree_oak_bush_a"}
{"pos":[-222.050552,396.820282,29.5093346],"rotationMatrix":[-0.93513149,0.354300797,0,-0.354300797,-0.93513149,0,0,0,1],"scale":1.15034187,"type":"tree_oak_bush_a"}
{"pos":[240.338882,-243.295212,49.4381561],"rotationMatrix":[0.891723275,0.452581108,0,-0.452581108,0.891723275,0,0,0,1],"scale":0.863629341,"type":"tree_oak_bush_a"}
{"pos":[-120.850723,222.874832,25.4618855],"rotationMatrix":[0.999999762,0.000649754133,0,-0.000649754133,0.999999762,0,0,0,1],"scale":0.908272147,"type":"tree_oak_bush_a"}
{"pos":[-100.831886,226.057602,25.2971821],"rotationMatrix":[-0.397930413,-0.917415619,0,0.917415619,-0.397930413,0,0,0,1],"scale":0.786156297,"type":"tree_oak_bush_a"}
{"pos":[-97.3262558,224.274796,25.2284927],"rotationMatrix":[0.674504995,0.738270283,0,-0.738270283,0.674504995,0,0,0,1],"scale":0.972923219,"type":"tree_oak_bush_a"}
{"pos":[243.589844,-236.624268,49.6429825],"rotationMatrix":[0.661194742,0.750214279,0,-0.750214279,0.661194742,0,0,0,1],"scale":0.884289622,"type":"tree_oak_bush_a"}
{"pos":[-128.949142,230.37175,28.0023842],"rotationMatrix":[-0.853957593,-0.520342588,0,0.520342588,-0.853957593,0,0,0,1],"scale":1.11834621,"type":"tree_oak_bush_a"}
{"pos":[-216.13089,275.712067,25.3198452],"rotationMatrix":[0.710310638,0.703888357,0,-0.703888357,0.710310638,0,0,0,1],"scale":0.843159556,"type":"tree_oak_bush_a"}
{"pos":[10.5209131,500.153931,186.230728],"rotationMatrix":[0.600308478,0.799768627,0,-0.799768627,0.600308478,0,0,0,1],"scale":1.18042803,"type":"tree_oak_bush_a"}
{"pos":[34.037693,498.888275,191.566101],"rotationMatrix":[-0.686983824,-0.726672649,0,0.726672649,-0.686983824,0,0,0,1],"scale":1.05370402,"type":"tree_oak_bush_a"}
{"pos":[328.546356,453.150391,173.063141],"rotationMatrix":[0.992630601,0.121179834,0,-0.121179834,0.992630601,0,0,0,1],"scale":1.04762292,"type":"tree_oak_bush_a"}
{"pos":[323.496704,454.065948,170.247375],"rotationMatrix":[-0.994943261,0.100438319,0,-0.100438319,-0.994943261,0,0,0,1],"scale":1.14146936,"type":"tree_oak_bush_a"}
{"pos":[302.340546,489.24942,173.584167],"rotationMatrix":[-0.947098374,-0.320943385,0,0.320943385,-0.947098374,0,0,0,1],"scale":0.870840549,"type":"tree_oak_bush_a"}
{"pos":[-363.966675,514.923401,114.067009],"rotationMatrix":[0.0448604748,-0.998993158,0,0.998993158,0.0448604748,0,0,0,1],"scale":1.22503209,"type":"tree_oak_bush_a"}
