{"pos":[-340.545166,219.19014,24.871788],"rotationMatrix":[0.99995327,-0.00966766663,0,0.00966766663,0.99995327,0,0,0,1],"scale":0.940826297,"type":"tree_beech_bush_e"}
{"pos":[-123.304253,224.197784,25.7257481],"rotationMatrix":[-0.657070041,0.753829539,0,-0.753829539,-0.657070041,0,0,0,1],"scale":1.10563099,"type":"tree_beech_bush_e"}
{"pos":[62.1509361,363.23584,93.1965179],"rotationMatrix":[-0.994394839,-0.10572987,0,0.10572987,-0.994394839,0,0,0,1],"scale":0.833059251,"type":"tree_beech_bush_e"}
{"pos":[68.3477478,356.511871,86.1761398],"rotationMatrix":[-0.224286109,0.974523306,0,-0.974523306,-0.224286109,0,0,0,1],"scale":1.06508493,"type":"tree_beech_bush_e"}
{"pos":[60.9800758,355.235657,86.7628326],"rotationMatrix":[0.997320175,0.0731603801,0,-0.0731603801,0.997320175,0,0,0,1],"scale":1.29517841,"type":"tree_beech_bush_e"}
