{"pos":[-126.965256,376.185608,31.0920792],"rotationMatrix":[-0.371002942,0.928631723,0,-0.928631723,-0.371002942,0,0,0,1],"scale":1.39999998,"type":"tree_douglasfir_large_c"}
{"pos":[-159.859528,388.680023,28.8067341],"rotationMatrix":[-0.324512959,0.945881248,0,-0.945881248,-0.324512959,0,0,0,1],"scale":1.39999998,"type":"tree_douglasfir_large_c"}
{"pos":[-135.76976,380.922333,31.2866268],"rotationMatrix":[-0.91972059,0.392573595,0,-0.392573595,-0.91972059,0,0,0,1],"scale":1.39999998,"type":"tree_douglasfir_large_c"}
{"pos":[-132.75087,383.231415,31.592577],"rotationMatrix":[0.73025018,-0.683179855,0,0.683179855,0.73025018,0,0,0,1],"scale":1.39999998,"type":"tree_douglasfir_large_c"}
{"pos":[-580.22522,272.504181,42.9633751],"rotationMatrix":[-0.197418794,-0.980319262,0,0.980319262,-0.197418794,0,0,0,1],"scale":1.39999998,"type":"tree_douglasfir_large_c"}
{"pos":[-649.805237,201.808563,46.9564209],"rotationMatrix":[-0.572236717,-0.820088506,0,0.820088506,-0.572236717,0,0,0,1],"scale":1.39999998,"type":"tree_douglasfir_large_c"}
{"pos":[-620.695312,256.009583,45.6397781],"rotationMatrix":[0.72004354,-0.693928838,0,0.693928838,0.72004354,0,0,0,1],"scale":1.39999998,"type":"tree_douglasfir_large_c"}
{"pos":[-630.309326,232.118942,45.9752426],"rotationMatrix":[-0.575645864,0.817699134,0,-0.817699134,-0.575645864,0,0,0,1],"scale":1.39999998,"type":"tree_douglasfir_large_c"}
{"pos":[-600.275452,255.300751,43.799881],"rotationMatrix":[0.53540659,0.844594419,0,-0.844594419,0.53540659,0,0,0,1],"scale":1.39999998,"type":"tree_douglasfir_large_c"}
{"pos":[-580.06012,277.009796,42.7511673],"rotationMatrix":[0.994520962,-0.104537405,0,0.104537405,0.994520962,0,0,0,1],"scale":1.39999998,"type":"tree_douglasfir_large_c"}
