{"pos":[-135.014908,461.655121,101.413994],"rotationMatrix":[-0.729750335,0.683713734,0,-0.683713734,-0.729750335,0,0,0,1],"scale":1.19072032,"type":"tree_beech_forest_b"}
{"pos":[-95.7625275,523.290527,143.417877],"rotationMatrix":[0.994232297,0.107247941,0,-0.107247941,0.994232297,0,0,0,1],"scale":1.06481481,"type":"tree_beech_forest_b"}
{"pos":[-94.9110565,511.91803,140.091843],"rotationMatrix":[0.94982779,-0.312773317,0,0.312773317,0.94982779,0,0,0,1],"scale":1.18356574,"type":"tree_beech_forest_b"}
{"pos":[-86.5836029,516.190002,143.30925],"rotationMatrix":[-0.784611285,-0.619988143,0,0.619988143,-0.784611285,0,0,0,1],"scale":1.02827322,"type":"tree_beech_forest_b"}
{"pos":[-39.2987671,524.580933,171.988922],"rotationMatrix":[0.992904305,0.11891561,0,-0.11891561,0.992904305,0,0,0,1],"scale":1.16279721,"type":"tree_beech_forest_b"}
{"pos":[-10.9173508,511.079803,183.366852],"rotationMatrix":[0.266154796,0.963930368,0,-0.963930368,0.266154796,0,0,0,1],"scale":0.925253153,"type":"tree_beech_forest_b"}
{"pos":[-9.1957016,512.820801,184.839706],"rotationMatrix":[0.555910707,-0.831242085,0,0.831242085,0.555910707,0,0,0,1],"scale":1.14438152,"type":"tree_beech_forest_b"}
{"pos":[-43.0842819,519.458801,172.000763],"rotationMatrix":[0.572807312,-0.819689989,0,0.819689989,0.572807312,0,0,0,1],"scale":1.07314563,"type":"tree_beech_forest_b"}
{"pos":[-11.7625923,519.08905,184.896591],"rotationMatrix":[-0.919422925,0.393270135,0,-0.393270135,-0.919422925,0,0,0,1],"scale":1.191324,"type":"tree_beech_forest_b"}
{"pos":[-23.8061123,503.677795,183.251312],"rotationMatrix":[0.841956317,0.539545715,0,-0.539545715,0.841956317,0,0,0,1],"scale":1.13693619,"type":"tree_beech_forest_b"}
{"pos":[-32.9605637,514.781128,179.137192],"rotationMatrix":[0.386177123,0.922424734,0,-0.922424734,0.386177123,0,0,0,1],"scale":1.07599199,"type":"tree_beech_forest_b"}
{"pos":[-26.5274601,535.953247,177.024612],"rotationMatrix":[-0.866934299,-0.498422384,0,0.498422384,-0.866934299,0,0,0,1],"scale":0.93788904,"type":"tree_beech_forest_b"}
{"pos":[-56.9186592,541.987122,164.624527],"rotationMatrix":[-0.18407312,-0.98291254,0,0.98291254,-0.18407312,0,0,0,1],"scale":0.960018516,"type":"tree_beech_forest_b"}
{"pos":[-65.1276169,528.026917,155.144211],"rotationMatrix":[-0.995888352,-0.0905888155,0,0.0905888155,-0.995888352,0,0,0,1],"scale":1.19982135,"type":"tree_beech_forest_b"}
{"pos":[-73.223671,478.870728,132.582581],"rotationMatrix":[-0.0813726187,0.996683717,0,-0.996683717,-0.0813726187,0,0,0,1],"scale":0.993952394,"type":"tree_beech_forest_b"}
{"pos":[-70.7371063,502.620331,140.747299],"rotationMatrix":[-0.224335849,-0.974511862,0,0.974511862,-0.224335849,0,0,0,1],"scale":0.912901402,"type":"tree_beech_forest_b"}
{"pos":[-68.890274,505.403473,141.543442],"rotationMatrix":[-0.905766189,0.423777848,0,-0.423777848,-0.905766189,0,0,0,1],"scale":0.90224427,"type":"tree_beech_forest_b"}
{"pos":[-77.7346954,474.003693,125.71653],"rotationMatrix":[-0.778322458,-0.627864897,0,0.627864897,-0.778322458,0,0,0,1],"scale":1.16398716,"type":"tree_beech_forest_b"}
{"pos":[327.316162,417.281158,141.112335],"rotationMatrix":[0.00907235406,0.999958813,0,-0.999958813,0.00907235406,0,0,0,1],"scale":0.954598844,"type":"tree_beech_forest_b"}
{"pos":[249.423981,492.726898,193.415466],"rotationMatrix":[0.750829935,-0.660495579,0,0.660495579,0.750829935,0,0,0,1],"scale":1.03952682,"type":"tree_beech_forest_b"}
{"pos":[-373.594421,530.24408,112.5242],"rotationMatrix":[-0.748897731,-0.662685692,0,0.662685692,-0.748897731,0,0,0,1],"scale":0.915510297,"type":"tree_beech_forest_b"}
{"pos":[-331.715424,505.380371,107.805992],"rotationMatrix":[0.96833837,-0.24964118,0,0.24964118,0.96833837,0,0,0,1],"scale":0.96875912,"type":"tree_beech_forest_b"}
{"pos":[-341.063629,510.879486,113.912285],"rotationMatrix":[-0.798663497,0.601777852,0,-0.601777852,-0.798663497,0,0,0,1],"scale":0.959556818,"type":"tree_beech_forest_b"}
