{"pos":[-119.991859,243.984604,27.1163254],"rotationMatrix":[0.955733895,-0.294232517,0,0.294232517,0.955733895,0,0,0,1],"scale":1.11713541,"type":"tree_aspen_small_a"}
{"pos":[-118.720306,229.567871,25.2751694],"rotationMatrix":[0.999208391,-0.0397821702,0,0.0397821702,0.999208391,0,0,0,1],"scale":1.46285319,"type":"tree_aspen_small_a"}
{"pos":[-103.038887,227.130051,25.3174057],"rotationMatrix":[0.529187322,0.84850502,0,-0.84850502,0.529187322,0,0,0,1],"scale":1.35988462,"type":"tree_aspen_small_a"}
{"pos":[-107.502502,231.575531,25.0183678],"rotationMatrix":[0.851445735,0.524442673,0,-0.524442673,0.851445735,0,0,0,1],"scale":1.16248286,"type":"tree_aspen_small_a"}
{"pos":[-190.639984,464.181396,98.9121094],"rotationMatrix":[0.756584644,-0.653895795,0,0.653895795,0.756584644,0,0,0,1],"scale":1.34959698,"type":"tree_aspen_small_a"}
{"pos":[-233.574692,510.041779,125.126068],"rotationMatrix":[-0.732254803,0.681030631,0,-0.681030631,-0.732254803,0,0,0,1],"scale":1.02208614,"type":"tree_aspen_small_a"}
{"pos":[-229.465881,521.281128,129.034302],"rotationMatrix":[0.25388059,0.967235625,0,-0.967235625,0.25388059,0,0,0,1],"scale":1.2520597,"type":"tree_aspen_small_a"}
{"pos":[-170.154709,502.974548,123.592827],"rotationMatrix":[-0.89078033,0.454434246,0,-0.454434246,-0.89078033,0,0,0,1],"scale":1.0812422,"type":"tree_aspen_small_a"}
{"pos":[-170.868286,521.765747,133.064011],"rotationMatrix":[-0.878774345,-0.477237701,0,0.477237701,-0.878774345,0,0,0,1],"scale":1.12568641,"type":"tree_aspen_small_a"}
{"pos":[-163.9841,554.010437,148.49144],"rotationMatrix":[-0.540620029,-0.84126687,0,0.84126687,-0.540620029,0,0,0,1],"scale":1.02580345,"type":"tree_aspen_small_a"}
{"pos":[-232.18103,550.291992,139.623428],"rotationMatrix":[0.668439209,-0.743766665,0,0.743766665,0.668439209,0,0,0,1],"scale":1.20373678,"type":"tree_aspen_small_a"}
{"pos":[-164.377579,569.199036,157.266327],"rotationMatrix":[-0.225097865,-0.974336147,0,0.974336147,-0.225097865,0,0,0,1],"scale":1.16240036,"type":"tree_aspen_small_a"}
{"pos":[-138.969315,594.313416,172.669434],"rotationMatrix":[-0.566138387,0.824310064,0,-0.824310064,-0.566138387,0,0,0,1],"scale":1.32301211,"type":"tree_aspen_small_a"}
{"pos":[29.9563065,507.385223,195.050446],"rotationMatrix":[-0.806047976,-0.59185034,0,0.59185034,-0.806047976,0,0,0,1],"scale":1.07707071,"type":"tree_aspen_small_a"}
{"pos":[33.262394,506.796661,197.75972],"rotationMatrix":[-0.273575634,-0.961850524,0,0.961850524,-0.273575634,0,0,0,1],"scale":1.09509134,"type":"tree_aspen_small_a"}
{"pos":[39.5415497,506.558533,195.804199],"rotationMatrix":[0.570949674,-0.820985079,0,0.820985079,0.570949674,0,0,0,1],"scale":1.01677048,"type":"tree_aspen_small_a"}
{"pos":[35.8376694,476.585876,190.730988],"rotationMatrix":[-0.788778663,0.614677191,0,-0.614677191,-0.788778663,0,0,0,1],"scale":1.30171835,"type":"tree_aspen_small_a"}
{"pos":[12.5105762,462.2659,181.660507],"rotationMatrix":[0.640114665,0.768279493,0,-0.768279493,0.640114665,0,0,0,1],"scale":1.36054158,"type":"tree_aspen_small_a"}
{"pos":[12.5585098,513.826477,191.664398],"rotationMatrix":[0.960880101,0.276964664,0,-0.276964664,0.960880101,0,0,0,1],"scale":1.16846681,"type":"tree_aspen_small_a"}
{"pos":[317.324707,484.154877,173.295441],"rotationMatrix":[-0.852117181,-0.523351252,0,0.523351252,-0.852117181,0,0,0,1],"scale":1.31152821,"type":"tree_aspen_small_a"}
{"pos":[295.073578,487.307129,173.134842],"rotationMatrix":[-0.996254563,-0.0864677802,0,0.0864677802,-0.996254563,0,0,0,1],"scale":1.43330145,"type":"tree_aspen_small_a"}
{"pos":[49.3244629,374.69635,101.229355],"rotationMatrix":[-0.982538939,-0.186056986,0,0.186056986,-0.982538939,0,0,0,1],"scale":1.41623592,"type":"tree_aspen_small_a"}
{"pos":[22.6269932,358.889252,96.6256332],"rotationMatrix":[0.967714429,0.252049237,0,-0.252049237,0.967714429,0,0,0,1],"scale":1.26229906,"type":"tree_aspen_small_a"}
{"pos":[47.9999542,385.85437,103.670052],"rotationMatrix":[0.934394479,0.356240153,0,-0.356240153,0.934394479,0,0,0,1],"scale":1.21229625,"type":"tree_aspen_small_a"}
{"pos":[208.943695,460.26532,205.450027],"rotationMatrix":[0.265432626,0.964129448,0,-0.964129448,0.265432626,0,0,0,1],"scale":1.07340789,"type":"tree_aspen_small_a"}
