{"pos":[-105.50177,226.796356,24.3222504],"rotationMatrix":[0.998561025,-0.0536277853,0,0.0536277853,0.998561025,0,0,0,1],"scale":1.02961814,"type":"tree_aspen_forest_a"}
{"pos":[-111.219482,232.346375,24.6739044],"rotationMatrix":[-0.76471293,0.644371152,0,-0.644371152,-0.76471293,0,0,0,1],"scale":1.06745136,"type":"tree_aspen_forest_a"}
{"pos":[-123.646248,242.386826,27.2826881],"rotationMatrix":[-0.816893995,-0.576787889,0,0.576787889,-0.816893995,0,0,0,1],"scale":1.06526256,"type":"tree_aspen_forest_a"}
{"pos":[-115.104172,243.956528,25.2651691],"rotationMatrix":[-0.0156743508,-0.999877155,0,0.999877155,-0.0156743508,0,0,0,1],"scale":0.848788857,"type":"tree_aspen_forest_a"}
{"pos":[-166.351654,481.114075,117.386642],"rotationMatrix":[0.38746196,-0.921885669,0,0.921885669,0.38746196,0,0,0,1],"scale":0.93330586,"type":"tree_aspen_forest_a"}
{"pos":[-226.033142,510.769562,125.065239],"rotationMatrix":[-0.828535676,0.559936106,0,-0.559936106,-0.828535676,0,0,0,1],"scale":1.12559354,"type":"tree_aspen_forest_a"}
{"pos":[-167.034683,519.482727,133.83725],"rotationMatrix":[-0.810150981,-0.586221159,0,0.586221159,-0.810150981,0,0,0,1],"scale":0.864451051,"type":"tree_aspen_forest_a"}
{"pos":[-160.466217,580.232483,166.44664],"rotationMatrix":[-0.884887755,0.46580416,0,-0.46580416,-0.884887755,0,0,0,1],"scale":1.13524282,"type":"tree_aspen_forest_a"}
{"pos":[-155.174286,553.999817,147.694992],"rotationMatrix":[0.229094163,0.973404288,0,-0.973404288,0.229094163,0,0,0,1],"scale":1.13389421,"type":"tree_aspen_forest_a"}
{"pos":[-134.966293,544.528992,146.916397],"rotationMatrix":[0.867053747,0.498214751,0,-0.498214751,0.867053747,0,0,0,1],"scale":1.10789824,"type":"tree_aspen_forest_a"}
{"pos":[35.4197845,496.080597,192.067795],"rotationMatrix":[-0.36032334,0.932827413,0,-0.932827413,-0.36032334,0,0,0,1],"scale":0.926270306,"type":"tree_aspen_forest_a"}
{"pos":[30.9371262,481.176147,190.290329],"rotationMatrix":[-0.657781184,-0.753209054,0,0.753209054,-0.657781184,0,0,0,1],"scale":1.0602684,"type":"tree_aspen_forest_a"}
{"pos":[309.512054,489.579346,173.495651],"rotationMatrix":[-0.900327682,0.435212523,0,-0.435212523,-0.900327682,0,0,0,1],"scale":0.868712246,"type":"tree_aspen_forest_a"}
{"pos":[312.691315,484.722229,172.701157],"rotationMatrix":[-0.998699307,0.0509871468,0,-0.0509871468,-0.998699307,0,0,0,1],"scale":0.99413085,"type":"tree_aspen_forest_a"}
