{"pos":[-99.3454819,531.983948,146.831924],"rotationMatrix":[-0.115888774,-0.993262172,0,0.993262172,-0.115888774,0,0,0,1],"scale":1.19754004,"type":"tree_beech_small_d"}
{"pos":[-103.781921,535.570923,147.917053],"rotationMatrix":[0.60204643,-0.798461139,0,0.798461139,0.60204643,0,0,0,1],"scale":0.964150131,"type":"tree_beech_small_d"}
{"pos":[-99.0559006,519.147827,142.833694],"rotationMatrix":[0.817709744,0.575630903,0,-0.575630903,0.817709744,0,0,0,1],"scale":1.06039643,"type":"tree_beech_small_d"}
{"pos":[-86.553833,523.822754,143.893158],"rotationMatrix":[-0.661969483,0.749530673,0,-0.749530673,-0.661969483,0,0,0,1],"scale":0.949448168,"type":"tree_beech_small_d"}
{"pos":[-89.3155212,505.944366,134.574005],"rotationMatrix":[-0.8171978,0.576357305,0,-0.576357305,-0.8171978,0,0,0,1],"scale":0.992831826,"type":"tree_beech_small_d"}
{"pos":[-54.6876869,559.541504,179.322586],"rotationMatrix":[-0.980255246,0.197736114,0,-0.197736114,-0.980255246,0,0,0,1],"scale":1.19907737,"type":"tree_beech_small_d"}
{"pos":[-53.3499298,553.000488,174.12027],"rotationMatrix":[-0.759461045,0.65055263,0,-0.65055263,-0.759461045,0,0,0,1],"scale":1.07234156,"type":"tree_beech_small_d"}
{"pos":[-70.9819794,570.843994,181.667786],"rotationMatrix":[0.663709581,-0.747990251,0,0.747990251,0.663709581,0,0,0,1],"scale":0.989455938,"type":"tree_beech_small_d"}
{"pos":[-46.4090881,529.446655,167.206863],"rotationMatrix":[-0.0622782968,0.998058736,0,-0.998058736,-0.0622782968,0,0,0,1],"scale":0.961543262,"type":"tree_beech_small_d"}
{"pos":[-15.0407906,530.4151,185.733536],"rotationMatrix":[0.999989152,0.00464563258,0,-0.00464563258,0.999989152,0,0,0,1],"scale":0.989865303,"type":"tree_beech_small_d"}
{"pos":[-36.1726036,534.028503,172.379181],"rotationMatrix":[-0.420442164,0.907319307,0,-0.907319307,-0.420442164,0,0,0,1],"scale":1.08505487,"type":"tree_beech_small_d"}
{"pos":[-24.2355309,508.414673,184.62413],"rotationMatrix":[-0.732638538,0.680617809,0,-0.680617809,-0.732638538,0,0,0,1],"scale":0.840149283,"type":"tree_beech_small_d"}
{"pos":[-44.2745705,524.292114,169.82782],"rotationMatrix":[0.551054537,0.834469318,0,-0.834469318,0.551054537,0,0,0,1],"scale":0.870031774,"type":"tree_beech_small_d"}
{"pos":[-41.2554665,528.330688,170.406937],"rotationMatrix":[0.624680519,0.780880511,0,-0.780880511,0.624680519,0,0,0,1],"scale":1.14172876,"type":"tree_beech_small_d"}
{"pos":[-35.6730232,512.455139,178.615662],"rotationMatrix":[-0.127485305,0.991840422,0,-0.991840422,-0.127485305,0,0,0,1],"scale":1.15564382,"type":"tree_beech_small_d"}
{"pos":[-67.52742,536.49585,158.069275],"rotationMatrix":[0.612392426,-0.790553868,0,0.790553868,0.612392426,0,0,0,1],"scale":1.08584952,"type":"tree_beech_small_d"}
{"pos":[-62.3784943,514.903687,157.104126],"rotationMatrix":[-0.903067827,-0.429497927,0,0.429497927,-0.903067827,0,0,0,1],"scale":0.986290276,"type":"tree_beech_small_d"}
{"pos":[-43.1399612,476.922607,153.135483],"rotationMatrix":[-0.458417505,0.888736904,0,-0.888736904,-0.458417505,0,0,0,1],"scale":1.19178724,"type":"tree_beech_small_d"}
{"pos":[-66.7967834,491.468536,143.877274],"rotationMatrix":[-0.238680825,-0.971098065,0,0.971098065,-0.238680825,0,0,0,1],"scale":0.824219584,"type":"tree_beech_small_d"}
{"pos":[325.673309,418.368042,142.96727],"rotationMatrix":[0.390183538,0.920737147,0,-0.920737147,0.390183538,0,0,0,1],"scale":1.11653686,"type":"tree_beech_small_d"}
{"pos":[246.345184,509.747986,194.35614],"rotationMatrix":[-0.862478256,-0.506094337,0,0.506094337,-0.862478256,0,0,0,1],"scale":1.0708878,"type":"tree_beech_small_d"}
