{"pos":[-132.962341,464.005798,102.725502],"rotationMatrix":[0.985045254,-0.172295824,0,0.172295824,0.985045254,0,0,0,1],"scale":0.620216012,"type":"tree_beech_large_b"}
{"pos":[-132.358002,471.460815,110.556038],"rotationMatrix":[-0.947175741,0.320714802,0,-0.320714802,-0.947175741,0,0,0,1],"scale":0.835679114,"type":"tree_beech_large_b"}
{"pos":[-93.9384689,547.61908,155.058746],"rotationMatrix":[0.0780509263,-0.996949315,0,0.996949315,0.0780509263,0,0,0,1],"scale":0.884210825,"type":"tree_beech_large_b"}
{"pos":[-86.4184189,520.495667,143.822433],"rotationMatrix":[-0.953280866,-0.30208534,0,0.30208534,-0.953280866,0,0,0,1],"scale":0.88350141,"type":"tree_beech_large_b"}
{"pos":[-60.95755,555.615234,172.740326],"rotationMatrix":[-0.0726605803,-0.997356653,0,0.997356653,-0.0726605803,0,0,0,1],"scale":0.756609738,"type":"tree_beech_large_b"}
{"pos":[-27.1689491,518.431274,183.081543],"rotationMatrix":[0.431792378,0.901973128,0,-0.901973128,0.431792378,0,0,0,1],"scale":0.658694625,"type":"tree_beech_large_b"}
{"pos":[-43.6646729,516.829895,171.303696],"rotationMatrix":[-0.825842023,0.563901544,0,-0.563901544,-0.825842023,0,0,0,1],"scale":0.739619255,"type":"tree_beech_large_b"}
{"pos":[-49.5484848,527.623047,165.118286],"rotationMatrix":[0.555324554,-0.831633687,0,0.831633687,0.555324554,0,0,0,1],"scale":1.05356002,"type":"tree_beech_large_b"}
{"pos":[-49.362648,522.979431,166.649673],"rotationMatrix":[-0.111143649,-0.993804336,0,0.993804336,-0.111143649,0,0,0,1],"scale":0.920883417,"type":"tree_beech_large_b"}
{"pos":[-77.4243164,488.673889,131.845657],"rotationMatrix":[0.907943845,-0.419091582,0,0.419091582,0.907943845,0,0,0,1],"scale":1.09194303,"type":"tree_beech_large_b"}
{"pos":[-81.9734116,487.873688,126.628899],"rotationMatrix":[0.394591153,-0.91885674,0,0.91885674,0.394591153,0,0,0,1],"scale":0.740383983,"type":"tree_beech_large_b"}
{"pos":[-87.9614716,494.526794,127.825394],"rotationMatrix":[0.0334045105,0.999441862,0,-0.999441862,0.0334045105,0,0,0,1],"scale":0.84789896,"type":"tree_beech_large_b"}
{"pos":[-68.7353821,477.420654,137.749481],"rotationMatrix":[0.519073427,-0.854729652,0,0.854729652,0.519073427,0,0,0,1],"scale":0.654626727,"type":"tree_beech_large_b"}
{"pos":[-28.0395622,419.636414,125.221497],"rotationMatrix":[0.392285943,-0.919843316,0,0.919843316,0.392285943,0,0,0,1],"scale":1.02332258,"type":"tree_beech_large_b"}
{"pos":[-29,427.806061,132.558685],"rotationMatrix":[0.669904053,0.742447793,0,-0.742447793,0.669904053,0,0,0,1],"scale":0.95187676,"type":"tree_beech_large_b"}
{"pos":[326.743988,420.778137,143.13623],"rotationMatrix":[0.953795791,0.30045566,0,-0.30045566,0.953795791,0,0,0,1],"scale":0.841537833,"type":"tree_beech_large_b"}
{"pos":[296.828003,438.5737,151.887909],"rotationMatrix":[0.975940228,0.218038455,0,-0.218038455,0.975940228,0,0,0,1],"scale":1.06726241,"type":"tree_beech_large_b"}
{"pos":[264.965271,509.978149,191.229553],"rotationMatrix":[0.138221428,0.990401387,0,-0.990401387,0.138221428,0,0,0,1],"scale":0.626450181,"type":"tree_beech_large_b"}
{"pos":[285.270294,506.406708,191.132751],"rotationMatrix":[-0.87489444,-0.484313816,0,0.484313816,-0.87489444,0,0,0,1],"scale":0.736435235,"type":"tree_beech_large_b"}
