{"pos":[-124.891861,223.31633,26.0467987],"rotationMatrix":[-0.590493858,-0.807042122,0,0.807042122,-0.590493858,0,0,0,1],"scale":0.840199292,"type":"tree_oak_blocker_a"}
{"pos":[-166.825577,387.699005,28.2785988],"rotationMatrix":[0.954927623,0.296838731,0,-0.296838731,0.954927623,0,0,0,1],"scale":1.17689264,"type":"tree_oak_blocker_a"}
{"pos":[-136.770035,374.631927,31.6414299],"rotationMatrix":[-0.94625783,0.323413223,0,-0.323413223,-0.94625783,0,0,0,1],"scale":0.961390495,"type":"tree_oak_blocker_a"}
{"pos":[-133.01619,370.90799,31.540802],"rotationMatrix":[0.974127471,-0.225999221,0,0.225999221,0.974127471,0,0,0,1],"scale":1.00776124,"type":"tree_oak_blocker_a"}
{"pos":[-113.468536,461.50589,115.531662],"rotationMatrix":[-0.99987042,-0.0160939023,0,0.0160939023,-0.99987042,0,0,0,1],"scale":1.11659813,"type":"tree_oak_blocker_a"}
{"pos":[-114.028053,465.742859,117.666344],"rotationMatrix":[-0.661401391,-0.750032246,0,0.750032246,-0.661401391,0,0,0,1],"scale":1.17142153,"type":"tree_oak_blocker_a"}
{"pos":[-113.228462,452.72345,111.182617],"rotationMatrix":[-0.255694717,-0.966757536,0,0.966757536,-0.255694717,0,0,0,1],"scale":0.823454559,"type":"tree_oak_blocker_a"}
{"pos":[-108.493004,455.740814,110.577026],"rotationMatrix":[-0.329466075,-0.944167435,0,0.944167435,-0.329466075,0,0,0,1],"scale":1.15060365,"type":"tree_oak_blocker_a"}
{"pos":[-114.289017,454.255341,111.629913],"rotationMatrix":[-0.999914408,-0.013076799,0,0.013076799,-0.999914408,0,0,0,1],"scale":0.914611876,"type":"tree_oak_blocker_a"}
{"pos":[-112.473671,446.902863,109.105972],"rotationMatrix":[-0.918674171,-0.395016342,0,0.395016342,-0.918674171,0,0,0,1],"scale":1.18843949,"type":"tree_oak_blocker_a"}
{"pos":[-117.448418,449.920624,110.18763],"rotationMatrix":[-0.551565826,0.834131241,0,-0.834131241,-0.551565826,0,0,0,1],"scale":1.11442327,"type":"tree_oak_blocker_a"}
{"pos":[-111.303352,447.818451,109.158585],"rotationMatrix":[-0.917951226,0.396693379,0,-0.396693379,-0.917951226,0,0,0,1],"scale":1.01163912,"type":"tree_oak_blocker_a"}
{"pos":[-114.467064,450.141907,110.281555],"rotationMatrix":[-0.811852455,-0.583862603,0,0.583862603,-0.811852455,0,0,0,1],"scale":1.13346446,"type":"tree_oak_blocker_a"}
{"pos":[-110.217537,449.537933,109.325111],"rotationMatrix":[-0.235778719,-0.971806765,0,0.971806765,-0.235778719,0,0,0,1],"scale":1.07423067,"type":"tree_oak_blocker_a"}
{"pos":[-119.476036,441.075043,105.500519],"rotationMatrix":[-0.403833747,-0.914832413,0,0.914832413,-0.403833747,0,0,0,1],"scale":0.839382589,"type":"tree_oak_blocker_a"}
{"pos":[-114.880737,440.433014,106.180496],"rotationMatrix":[0.730207801,0.683225214,0,-0.683225214,0.730207801,0,0,0,1],"scale":0.848629832,"type":"tree_oak_blocker_a"}
{"pos":[-120.943344,446.610291,107.929108],"rotationMatrix":[-0.875272453,-0.483630121,0,0.483630121,-0.875272453,0,0,0,1],"scale":0.93122375,"type":"tree_oak_blocker_a"}
{"pos":[-117.451958,444.048523,108.732597],"rotationMatrix":[-0.980642378,-0.195807442,0,0.195807442,-0.980642378,0,0,0,1],"scale":1.03987014,"type":"tree_oak_blocker_a"}
{"pos":[-115.712708,442.225769,107.766373],"rotationMatrix":[-0.898140311,0.439709038,0,-0.439709038,-0.898140311,0,0,0,1],"scale":0.938892126,"type":"tree_oak_blocker_a"}
{"pos":[-115.204605,446.109222,109.060669],"rotationMatrix":[-0.53157258,0.847012639,0,-0.847012639,-0.53157258,0,0,0,1],"scale":0.933499634,"type":"tree_oak_blocker_a"}
{"pos":[-114.584953,443.097626,108.510895],"rotationMatrix":[0.513732791,-0.857950151,0,0.857950151,0.513732791,0,0,0,1],"scale":0.967249155,"type":"tree_oak_blocker_a"}
{"pos":[-109.674767,476.990387,120.469925],"rotationMatrix":[-0.244824886,0.969567299,0,-0.969567299,-0.244824886,0,0,0,1],"scale":0.91797471,"type":"tree_oak_blocker_a"}
{"pos":[-108.678886,476.303619,120.313072],"rotationMatrix":[-0.467887282,-0.883788168,0,0.883788168,-0.467887282,0,0,0,1],"scale":0.816432774,"type":"tree_oak_blocker_a"}
{"pos":[-107.36274,478.224091,120.244675],"rotationMatrix":[-0.996186137,-0.0872534886,0,0.0872534886,-0.996186137,0,0,0,1],"scale":1.19727027,"type":"tree_oak_blocker_a"}
{"pos":[-101.514076,485.813385,118.461502],"rotationMatrix":[-0.749379456,-0.662140906,0,0.662140906,-0.749379456,0,0,0,1],"scale":1.19814813,"type":"tree_oak_blocker_a"}
{"pos":[-101.856232,487.832001,119.5159],"rotationMatrix":[0.0584242381,-0.99829179,0,0.99829179,0.0584242381,0,0,0,1],"scale":1.0493679,"type":"tree_oak_blocker_a"}
{"pos":[-103.807762,489.008301,121.2201],"rotationMatrix":[0.164818287,0.986323953,0,-0.986323953,0.164818287,0,0,0,1],"scale":0.802580893,"type":"tree_oak_blocker_a"}
{"pos":[-110.032494,484.974152,120.569092],"rotationMatrix":[-0.962701797,-0.270564944,0,0.270564944,-0.962701797,0,0,0,1],"scale":0.942313075,"type":"tree_oak_blocker_a"}
{"pos":[-104.064011,484.454285,119.036003],"rotationMatrix":[-0.987309635,-0.158807427,0,0.158807427,-0.987309635,0,0,0,1],"scale":1.17044842,"type":"tree_oak_blocker_a"}
{"pos":[-112.206894,494.62619,126.152603],"rotationMatrix":[0.38361305,-0.923493922,0,0.923493922,0.38361305,0,0,0,1],"scale":0.810753405,"type":"tree_oak_blocker_a"}
{"pos":[-108.591515,488.489746,121.028465],"rotationMatrix":[-0.999978781,0.00651745172,0,-0.00651745172,-0.999978781,0,0,0,1],"scale":0.956546426,"type":"tree_oak_blocker_a"}
{"pos":[-110.033714,494.697144,127.035645],"rotationMatrix":[0.0106210224,-0.999943554,0,0.999943554,0.0106210224,0,0,0,1],"scale":0.89189595,"type":"tree_oak_blocker_a"}
{"pos":[296.917755,451.208771,162.23381],"rotationMatrix":[0.103912003,0.994586468,0,-0.994586468,0.103912003,0,0,0,1],"scale":0.842376411,"type":"tree_oak_blocker_a"}
{"pos":[293.090912,461.4328,170.900284],"rotationMatrix":[-0.684944391,-0.728595257,0,0.728595257,-0.684944391,0,0,0,1],"scale":0.961723685,"type":"tree_oak_blocker_a"}
{"pos":[294.16687,451.82489,163.952072],"rotationMatrix":[-0.445675492,-0.89519465,0,0.89519465,-0.445675492,0,0,0,1],"scale":1.14263618,"type":"tree_oak_blocker_a"}
{"pos":[286.922302,465.239746,171.576233],"rotationMatrix":[0.850070477,0.526669025,0,-0.526669025,0.850070477,0,0,0,1],"scale":0.96564126,"type":"tree_oak_blocker_a"}
{"pos":[275.674408,468.938843,173.471832],"rotationMatrix":[-0.928756356,-0.370690644,0,0.370690644,-0.928756356,0,0,0,1],"scale":0.968051314,"type":"tree_oak_blocker_a"}
{"pos":[266.083191,463.458862,173.366638],"rotationMatrix":[0.27574414,-0.961231053,0,0.961231053,0.27574414,0,0,0,1],"scale":0.981868863,"type":"tree_oak_blocker_a"}
{"pos":[296.199829,430.494843,148.625458],"rotationMatrix":[-0.253778309,0.967262328,0,-0.967262328,-0.253778309,0,0,0,1],"scale":1.00562418,"type":"tree_oak_blocker_a"}
{"pos":[300.869751,428.864014,148.694138],"rotationMatrix":[0.963038981,0.269362152,0,-0.269362152,0.963038981,0,0,0,1],"scale":1.09100926,"type":"tree_oak_blocker_a"}
