{"pos":[-90.7082214,538.062012,151.065033],"rotationMatrix":[-0.0220374539,0.999757171,0,-0.999757171,-0.0220374539,0,0,0,1],"scale":1.08306539,"type":"tree_beech_small_c"}
{"pos":[-93.0051422,516.310059,141.450439],"rotationMatrix":[0.52354461,0.851998389,0,-0.851998389,0.52354461,0,0,0,1],"scale":1.17956209,"type":"tree_beech_small_c"}
{"pos":[-99.532074,516.867065,141.985931],"rotationMatrix":[-0.864525557,-0.502588928,0,0.502588928,-0.864525557,0,0,0,1],"scale":0.978706837,"type":"tree_beech_small_c"}
{"pos":[-53.4562759,544.80011,167.644073],"rotationMatrix":[-0.597909033,-0.801563919,0,0.801563919,-0.597909033,0,0,0,1],"scale":1.1169039,"type":"tree_beech_small_c"}
{"pos":[-57.3145905,567.270264,183.138794],"rotationMatrix":[0.547823191,-0.836594164,0,0.836594164,0.547823191,0,0,0,1],"scale":1.07164419,"type":"tree_beech_small_c"}
{"pos":[-48.9005241,515.882629,168.329895],"rotationMatrix":[0.9947505,-0.102329955,0,0.102329955,0.9947505,0,0,0,1],"scale":1.03951395,"type":"tree_beech_small_c"}
{"pos":[-17.4009209,515.705505,185.728882],"rotationMatrix":[-0.652590215,-0.757711172,0,0.757711172,-0.652590215,0,0,0,1],"scale":0.929695606,"type":"tree_beech_small_c"}
{"pos":[-44.0385666,534.75647,168.146439],"rotationMatrix":[-0.655526996,-0.755171835,0,0.755171835,-0.655526996,0,0,0,1],"scale":0.909279227,"type":"tree_beech_small_c"}
{"pos":[-10.8588142,528.909241,187.469925],"rotationMatrix":[0.999550939,0.0299645551,0,-0.0299645551,0.999550939,0,0,0,1],"scale":1.15538013,"type":"tree_beech_small_c"}
{"pos":[-27.4731426,511.868134,184.315521],"rotationMatrix":[-0.757849693,0.652429044,0,-0.652429044,-0.757849693,0,0,0,1],"scale":0.891771555,"type":"tree_beech_small_c"}
{"pos":[-49.244194,542.661011,167.660568],"rotationMatrix":[-0.999195397,-0.0401066579,0,0.0401066579,-0.999195397,0,0,0,1],"scale":0.977511764,"type":"tree_beech_small_c"}
{"pos":[-72.0089417,517.663269,151.6241],"rotationMatrix":[0.175576568,-0.984465718,0,0.984465718,0.175576568,0,0,0,1],"scale":0.887372017,"type":"tree_beech_small_c"}
{"pos":[-77.9335709,532.324219,152.255844],"rotationMatrix":[0.944509864,0.328483075,0,-0.328483075,0.944509864,0,0,0,1],"scale":0.952118754,"type":"tree_beech_small_c"}
{"pos":[-51.4769211,506.5177,165.423141],"rotationMatrix":[0.942979097,-0.332851976,0,0.332851976,0.942979097,0,0,0,1],"scale":1.02496946,"type":"tree_beech_small_c"}
{"pos":[-62.065033,480.19342,144.094559],"rotationMatrix":[-0.244253889,-0.969711304,0,0.969711304,-0.244253889,0,0,0,1],"scale":1.05021822,"type":"tree_beech_small_c"}
{"pos":[-83.6815948,482.534454,123.858536],"rotationMatrix":[-0.999765575,-0.0216478202,0,0.0216478202,-0.999765575,0,0,0,1],"scale":0.998874426,"type":"tree_beech_small_c"}
{"pos":[-36.3301926,425.577576,129.270782],"rotationMatrix":[0.866566777,0.499061227,0,-0.499061227,0.866566777,0,0,0,1],"scale":0.952010691,"type":"tree_beech_small_c"}
{"pos":[-48.3282089,429.933441,127.389389],"rotationMatrix":[-0.154851228,0.987937748,0,-0.987937748,-0.154851228,0,0,0,1],"scale":0.819821358,"type":"tree_beech_small_c"}
{"pos":[-41.0783081,449.041718,143.296814],"rotationMatrix":[0.386185914,0.922421038,0,-0.922421038,0.386185914,0,0,0,1],"scale":1.1154536,"type":"tree_beech_small_c"}
{"pos":[242.032867,496.121429,194.371841],"rotationMatrix":[-0.293645144,-0.955914497,0,0.955914497,-0.293645144,0,0,0,1],"scale":0.892509401,"type":"tree_beech_small_c"}
{"pos":[244.414108,502.154419,193.990921],"rotationMatrix":[-0.561100245,-0.827747941,0,0.827747941,-0.561100245,0,0,0,1],"scale":1.10160947,"type":"tree_beech_small_c"}
{"pos":[300.347107,498.496887,184.779312],"rotationMatrix":[-0.589162409,0.808014512,0,-0.808014512,-0.589162409,0,0,0,1],"scale":1.13468921,"type":"tree_beech_small_c"}
