{"pos":[-214.572266,228.476242,23.8435383],"rotationMatrix":[-0.881305933,0.47254613,0,-0.47254613,-0.881305933,0,0,0,1],"scale":1.35830808,"type":"tree_aspen_large_b"}
{"pos":[-332.450134,220.313599,24.122015],"rotationMatrix":[-0.973060966,0.230548009,0,-0.230548009,-0.973060966,0,0,0,1],"scale":1.27482045,"type":"tree_aspen_large_b"}
{"pos":[-306.612549,207.347549,24.1507492],"rotationMatrix":[-0.28043282,0.959873676,0,-0.959873676,-0.28043282,0,0,0,1],"scale":1.358181,"type":"tree_aspen_large_b"}
{"pos":[-123.956665,227.894791,25.9889488],"rotationMatrix":[-0.627160013,-0.778890431,0,0.778890431,-0.627160013,0,0,0,1],"scale":1.22547948,"type":"tree_aspen_large_b"}
{"pos":[-162.341385,485.402771,119.169342],"rotationMatrix":[0.974511027,0.224339545,0,-0.224339545,0.974511027,0,0,0,1],"scale":1.36097217,"type":"tree_aspen_large_b"}
{"pos":[-169.421783,483.963684,118.196541],"rotationMatrix":[-0.942415416,-0.334444731,0,0.334444731,-0.942415416,0,0,0,1],"scale":1.32784724,"type":"tree_aspen_large_b"}
{"pos":[-164.122406,482.860077,118.067772],"rotationMatrix":[-0.205722347,0.978610337,0,-0.978610337,-0.205722347,0,0,0,1],"scale":1.37425232,"type":"tree_aspen_large_b"}
{"pos":[-156.284012,481.800201,117.175629],"rotationMatrix":[-0.268221766,-0.963357151,0,0.963357151,-0.268221766,0,0,0,1],"scale":1.30969286,"type":"tree_aspen_large_b"}
{"pos":[-158.521454,463.511475,97.1426163],"rotationMatrix":[0.635156512,-0.772383511,0,0.772383511,0.635156512,0,0,0,1],"scale":1.28220868,"type":"tree_aspen_large_b"}
{"pos":[-229.813614,449.157745,90.7578735],"rotationMatrix":[0.247222528,-0.968958735,0,0.968958735,0.247222528,0,0,0,1],"scale":1.39359736,"type":"tree_aspen_large_b"}
{"pos":[-219.766983,501.502197,121.995392],"rotationMatrix":[-0.593381763,-0.804921091,0,0.804921091,-0.593381763,0,0,0,1],"scale":1.38532305,"type":"tree_aspen_large_b"}
{"pos":[-215.184036,500.824951,121.693321],"rotationMatrix":[0.960724056,-0.277505308,0,0.277505308,0.960724056,0,0,0,1],"scale":1.39621294,"type":"tree_aspen_large_b"}
{"pos":[-215.591446,522.608215,130.537445],"rotationMatrix":[-0.802118301,0.597164989,0,-0.597164989,-0.802118301,0,0,0,1],"scale":1.48915493,"type":"tree_aspen_large_b"}
{"pos":[-214.061996,540.226746,137.763458],"rotationMatrix":[0.684459507,0.729050994,0,-0.729050994,0.684459507,0,0,0,1],"scale":1.32632971,"type":"tree_aspen_large_b"}
{"pos":[-165.717163,532.586304,137.481125],"rotationMatrix":[-0.555145979,-0.831752896,0,0.831752896,-0.555145979,0,0,0,1],"scale":1.21669149,"type":"tree_aspen_large_b"}
{"pos":[-178.745514,566.656311,158.912308],"rotationMatrix":[-0.924281895,-0.381710589,0,0.381710589,-0.924281895,0,0,0,1],"scale":1.35101891,"type":"tree_aspen_large_b"}
{"pos":[-179.498428,571.282654,160.831024],"rotationMatrix":[0.736478686,0.676460862,0,-0.676460862,0.736478686,0,0,0,1],"scale":1.32869601,"type":"tree_aspen_large_b"}
{"pos":[-210.3909,600.390747,167.159149],"rotationMatrix":[0.54076755,-0.84117204,0,0.84117204,0.54076755,0,0,0,1],"scale":1.49479914,"type":"tree_aspen_large_b"}
{"pos":[-222.897812,606.730103,171.013977],"rotationMatrix":[-0.887109637,0.461558908,0,-0.461558908,-0.887109637,0,0,0,1],"scale":1.32120645,"type":"tree_aspen_large_b"}
{"pos":[-224.232513,561.264465,143.981842],"rotationMatrix":[0.992982686,-0.118259378,0,0.118259378,0.992982686,0,0,0,1],"scale":1.30720294,"type":"tree_aspen_large_b"}
{"pos":[-145.587021,589.277649,169.940674],"rotationMatrix":[-0.0418639034,0.999123335,0,-0.999123335,-0.0418639034,0,0,0,1],"scale":1.47182775,"type":"tree_aspen_large_b"}
{"pos":[-151.006546,548.283569,144.570236],"rotationMatrix":[0.974977732,-0.222302467,0,0.222302467,0.974977732,0,0,0,1],"scale":1.37838149,"type":"tree_aspen_large_b"}
{"pos":[37.8106079,502.612579,195.052231],"rotationMatrix":[0.957183957,0.289480269,0,-0.289480269,0.957183957,0,0,0,1],"scale":1.38254011,"type":"tree_aspen_large_b"}
{"pos":[24.6390743,487.830841,187.967468],"rotationMatrix":[0.991570652,-0.129566595,0,0.129566595,0.991570652,0,0,0,1],"scale":1.32681572,"type":"tree_aspen_large_b"}
{"pos":[27.3928299,470.189667,186.675217],"rotationMatrix":[0.12449462,-0.992220283,0,0.992220283,0.12449462,0,0,0,1],"scale":1.25186634,"type":"tree_aspen_large_b"}
{"pos":[19.3780937,478.528717,184.026703],"rotationMatrix":[-0.859963417,0.510355473,0,-0.510355473,-0.859963417,0,0,0,1],"scale":1.32246244,"type":"tree_aspen_large_b"}
{"pos":[44.8717194,377.096558,100.828362],"rotationMatrix":[-0.155268595,0.987872243,0,-0.987872243,-0.155268595,0,0,0,1],"scale":1.40731812,"type":"tree_aspen_large_b"}
{"pos":[43.1601791,383.324371,101.94426],"rotationMatrix":[0.977637291,-0.210298076,0,0.210298076,0.977637291,0,0,0,1],"scale":1.35546601,"type":"tree_aspen_large_b"}
{"pos":[53.36026,365.89563,94.9074783],"rotationMatrix":[-0.999745667,0.0225504283,0,-0.0225504283,-0.999745667,0,0,0,1],"scale":1.27242374,"type":"tree_aspen_large_b"}
{"pos":[34.5171738,385.039764,104.427734],"rotationMatrix":[-0.999964297,-0.00844841264,0,0.00844841264,-0.999964297,0,0,0,1],"scale":1.4082675,"type":"tree_aspen_large_b"}
{"pos":[40.1817703,393.462677,104.207199],"rotationMatrix":[-0.888065934,-0.459716201,0,0.459716201,-0.888065934,0,0,0,1],"scale":1.40478325,"type":"tree_aspen_large_b"}
{"pos":[10.7631817,359.458099,108.695427],"rotationMatrix":[0.944759488,-0.327764273,0,0.327764273,0.944759488,0,0,0,1],"scale":1.22504842,"type":"tree_aspen_large_b"}
