{"pos":[-167.314728,390.832214,28.6422939],"rotationMatrix":[-0.309991688,-0.950739264,0,0.950739264,-0.309991688,0,0,0,1],"scale":1.05130327,"type":"tree_aspen_bush_b"}
{"pos":[-164.415771,385.668518,28.3492508],"rotationMatrix":[0.999999464,-0.00101746223,0,0.00101746223,0.999999464,0,0,0,1],"scale":0.967597246,"type":"tree_aspen_bush_b"}
{"pos":[-172.280563,381.645081,27.5288639],"rotationMatrix":[0.746592343,0.665281832,0,-0.665281832,0.746592343,0,0,0,1],"scale":0.91040194,"type":"tree_aspen_bush_b"}
{"pos":[-172.071655,382.753601,27.5167542],"rotationMatrix":[0.985706508,0.168471619,0,-0.168471619,0.985706508,0,0,0,1],"scale":0.803733766,"type":"tree_aspen_bush_b"}
{"pos":[-106.336845,220.858017,25.0865154],"rotationMatrix":[0.766840637,0.641837537,0,-0.641837537,0.766840637,0,0,0,1],"scale":1.02418017,"type":"tree_aspen_bush_b"}
{"pos":[-388.744141,120.238388,29.1616974],"rotationMatrix":[-0.145332679,0.989382863,0,-0.989382863,-0.145332679,0,0,0,1],"scale":1.03678226,"type":"tree_aspen_bush_b"}
{"pos":[-126.322502,237.657364,28.1039848],"rotationMatrix":[-0.445709765,0.895177543,0,-0.895177543,-0.445709765,0,0,0,1],"scale":0.935517907,"type":"tree_aspen_bush_b"}
{"pos":[-127.325058,234.314926,27.9756546],"rotationMatrix":[-0.705876946,0.708334506,0,-0.708334506,-0.705876946,0,0,0,1],"scale":1.08488488,"type":"tree_aspen_bush_b"}
{"pos":[-128.776077,232.386276,27.9731159],"rotationMatrix":[-0.999685109,-0.0250939336,0,0.0250939336,-0.999685109,0,0,0,1],"scale":1.19625056,"type":"tree_aspen_bush_b"}
{"pos":[7.13293171,498.358398,185.20665],"rotationMatrix":[-0.998981178,-0.0451293774,0,0.0451293774,-0.998981178,0,0,0,1],"scale":0.974731565,"type":"tree_aspen_bush_b"}
{"pos":[21.7383003,486.469757,187.853439],"rotationMatrix":[-0.690938294,-0.722913682,0,0.722913682,-0.690938294,0,0,0,1],"scale":0.853743553,"type":"tree_aspen_bush_b"}
{"pos":[34.7271881,502.011108,192.990631],"rotationMatrix":[0.149778336,0.988719583,0,-0.988719583,0.149778336,0,0,0,1],"scale":1.14345086,"type":"tree_aspen_bush_b"}
{"pos":[317.240723,461.912323,171.880646],"rotationMatrix":[0.00505341124,-0.999987125,0,0.999987125,0.00505341124,0,0,0,1],"scale":0.970730662,"type":"tree_aspen_bush_b"}
{"pos":[323.29837,450.838623,168.933304],"rotationMatrix":[-0.975187063,-0.22138229,0,0.22138229,-0.975187063,0,0,0,1],"scale":0.853452921,"type":"tree_aspen_bush_b"}
{"pos":[326.271515,452.698151,172.303619],"rotationMatrix":[-0.37941888,-0.92522496,0,0.92522496,-0.37941888,0,0,0,1],"scale":0.856089473,"type":"tree_aspen_bush_b"}
{"pos":[321.82962,454.416473,169.002533],"rotationMatrix":[0.176815286,0.984244049,0,-0.984244049,0.176815286,0,0,0,1],"scale":1.12755442,"type":"tree_aspen_bush_b"}
{"pos":[316.506805,485.892822,173.55098],"rotationMatrix":[0.363958538,-0.9314152,0,0.9314152,0.363958538,0,0,0,1],"scale":1.17146707,"type":"tree_aspen_bush_b"}
{"pos":[313.220215,478.694214,173.400055],"rotationMatrix":[0.217727929,0.976009548,0,-0.976009548,0.217727929,0,0,0,1],"scale":0.872774661,"type":"tree_aspen_bush_b"}
