{"pos":[-143.245209,379.009949,31.5038795],"rotationMatrix":[0.690950871,0.722901702,0,-0.722901702,0.690950871,0,0,0,1],"scale":0.513859391,"type":"tree_douglasfir_dead"}
{"pos":[-114.287125,222.600555,25.4378109],"rotationMatrix":[0.63361305,0.77365011,0,-0.77365011,0.63361305,0,0,0,1],"scale":0.98091799,"type":"tree_douglasfir_dead"}
{"pos":[-96.6183548,238.393005,25.6704979],"rotationMatrix":[0.938548803,0.345146507,0,-0.345146507,0.938548803,0,0,0,1],"scale":0.905822158,"type":"tree_douglasfir_dead"}
{"pos":[-105.480301,244.947296,25.5315285],"rotationMatrix":[0.615220308,0.788355231,0,-0.788355231,0.615220308,0,0,0,1],"scale":0.609762907,"type":"tree_douglasfir_dead"}
{"pos":[-577.113525,267.583801,43.19133],"rotationMatrix":[0.824574649,0.565753102,0,-0.565753102,0.824574649,0,0,0,1],"scale":1.07270575,"type":"tree_douglasfir_dead"}
{"pos":[-575.833862,269.982605,42.3013878],"rotationMatrix":[-0.719787896,-0.694194019,0,0.694194019,-0.719787896,0,0,0,1],"scale":0.896239638,"type":"tree_douglasfir_dead"}
{"pos":[-579.173584,261.746307,43.3973083],"rotationMatrix":[-0.5972718,0.802038908,0,-0.802038908,-0.5972718,0,0,0,1],"scale":0.615005851,"type":"tree_douglasfir_dead"}
{"pos":[-648.592651,227.059692,51.7993011],"rotationMatrix":[0.167800575,0.985820949,0,-0.985820949,0.167800575,0,0,0,1],"scale":0.628477454,"type":"tree_douglasfir_dead"}
{"pos":[1118.15356,-728.007324,119.76265],"rotationMatrix":[0.993902087,0.110266417,0,-0.110266417,0.993902087,0,0,0,1],"scale":1.12091994,"type":"tree_douglasfir_dead"}
{"pos":[544.332214,-883.307434,118.483391],"rotationMatrix":[-0.181217626,-0.983443022,0,0.983443022,-0.181217626,0,0,0,1],"scale":0.985100389,"type":"tree_douglasfir_dead"}
{"pos":[1284.15771,-318.393036,156.132843],"rotationMatrix":[0.322028875,-0.946729839,0,0.946729839,0.322028875,0,0,0,1],"scale":1.09957314,"type":"tree_douglasfir_dead"}
{"pos":[-1317.09363,277.79715,124.110832],"rotationMatrix":[0.846447289,0.532472551,0,-0.532472551,0.846447289,0,0,0,1],"scale":0.96053803,"type":"tree_douglasfir_dead"}
{"pos":[-764.563721,815.958496,95.8474731],"rotationMatrix":[-0.852703393,-0.522395432,0,0.522395432,-0.852703393,0,0,0,1],"scale":0.692793846,"type":"tree_douglasfir_dead"}
