{"pos":[442.986572,262.046326,29.63904],"rotationMatrix":[-0.722466767,-0.691405654,0,0.691405654,-0.722466767,0,0,0,1],"scale":0.846411586,"type":"tree_aspen_forest_b"}
{"pos":[-152.256592,481.78891,116.912735],"rotationMatrix":[0.52161026,-0.853183806,0,0.853183806,0.52161026,0,0,0,1],"scale":0.919590056,"type":"tree_aspen_forest_b"}
{"pos":[-163.803131,480.791382,115.270767],"rotationMatrix":[-0.592453301,0.805604696,0,-0.805604696,-0.592453301,0,0,0,1],"scale":0.824360013,"type":"tree_aspen_forest_b"}
{"pos":[-219.750854,506.206085,123.584068],"rotationMatrix":[0.947973728,0.318348497,0,-0.318348497,0.947973728,0,0,0,1],"scale":0.895398557,"type":"tree_aspen_forest_b"}
{"pos":[-181.841736,580.426453,165.576263],"rotationMatrix":[-0.0331687331,0.99944973,0,-0.99944973,-0.0331687331,0,0,0,1],"scale":0.813087046,"type":"tree_aspen_forest_b"}
{"pos":[-222.101685,589.430908,164.955658],"rotationMatrix":[0.945838392,-0.3246378,0,0.3246378,0.945838392,0,0,0,1],"scale":1.12591219,"type":"tree_aspen_forest_b"}
{"pos":[-214.875153,580.72345,160.397537],"rotationMatrix":[-0.902998567,-0.429643482,0,0.429643482,-0.902998567,0,0,0,1],"scale":0.852703035,"type":"tree_aspen_forest_b"}
{"pos":[-150.864944,587.461365,169.805115],"rotationMatrix":[0.481656224,-0.876360238,0,0.876360238,0.481656224,0,0,0,1],"scale":1.01004434,"type":"tree_aspen_forest_b"}
{"pos":[-124.67894,585.264893,170.473328],"rotationMatrix":[0.766774058,0.641917229,0,-0.641917229,0.766774058,0,0,0,1],"scale":1.10275495,"type":"tree_aspen_forest_b"}
{"pos":[-157.987213,555.256409,146.608582],"rotationMatrix":[-0.628486097,-0.777820945,0,0.777820945,-0.628486097,0,0,0,1],"scale":0.970902085,"type":"tree_aspen_forest_b"}
{"pos":[-147.370483,565.978271,156.854248],"rotationMatrix":[-0.837626815,-0.546242893,0,0.546242893,-0.837626815,0,0,0,1],"scale":1.12634933,"type":"tree_aspen_forest_b"}
{"pos":[12.1414394,511.369385,191.206039],"rotationMatrix":[0.84620285,-0.532860756,0,0.532860756,0.84620285,0,0,0,1],"scale":1.01760495,"type":"tree_aspen_forest_b"}
{"pos":[11.434515,508.147034,186.536835],"rotationMatrix":[0.514961243,-0.857213438,0,0.857213438,0.514961243,0,0,0,1],"scale":1.17702436,"type":"tree_aspen_forest_b"}
{"pos":[12.5282621,504.213135,184.43042],"rotationMatrix":[-0.995692372,0.092717655,0,-0.092717655,-0.995692372,0,0,0,1],"scale":1.17397094,"type":"tree_aspen_forest_b"}
{"pos":[299.475098,450.412689,157.991745],"rotationMatrix":[-0.956376553,0.292136699,0,-0.292136699,-0.956376553,0,0,0,1],"scale":1.09999347,"type":"tree_aspen_forest_b"}
{"pos":[13.1334915,368.763794,107.578873],"rotationMatrix":[-0.967205822,-0.253993809,0,0.253993809,-0.967205822,0,0,0,1],"scale":1.01506579,"type":"tree_aspen_forest_b"}
{"pos":[26.8584652,393.549316,111.253166],"rotationMatrix":[-0.92103982,-0.38946864,0,0.38946864,-0.92103982,0,0,0,1],"scale":1.11827815,"type":"tree_aspen_forest_b"}
{"pos":[45.1222153,392.728516,103.493591],"rotationMatrix":[-0.843118429,-0.537727892,0,0.537727892,-0.843118429,0,0,0,1],"scale":1.1697408,"type":"tree_aspen_forest_b"}
{"pos":[215.323669,443.157959,192.547424],"rotationMatrix":[-0.917948365,0.396699727,0,-0.396699727,-0.917948365,0,0,0,1],"scale":1.06353128,"type":"tree_aspen_forest_b"}
{"pos":[254.515366,448.722076,193.648788],"rotationMatrix":[-0.143607512,-0.989634693,0,0.989634693,-0.143607512,0,0,0,1],"scale":0.826186717,"type":"tree_aspen_forest_b"}
