{"pos":[254.123138,69.9228134,26.8056259],"rotationMatrix":[-0.546014786,-0.837775528,0,0.837775528,-0.546014786,0,0,0,1],"scale":1,"type":"tree_beech_bush_b"}
{"pos":[226.822601,-221.507233,37.9110603],"rotationMatrix":[0.482110262,0.876110554,0,-0.876110554,0.482110262,0,0,0,1],"scale":1,"type":"tree_beech_bush_b"}
{"pos":[219.903152,-229.809845,36.5772552],"rotationMatrix":[-0.999619424,-0.0275874026,0,0.0275874026,-0.999619424,0,0,0,1],"scale":1,"type":"tree_beech_bush_b"}
{"pos":[218.322479,-233.590271,36.7677841],"rotationMatrix":[0.999894679,-0.0145135373,0,0.0145135373,0.999894679,0,0,0,1],"scale":1,"type":"tree_beech_bush_b"}
{"pos":[229.49855,-231.387207,42.2690125],"rotationMatrix":[0.831127405,0.55608201,0,-0.55608201,0.831127405,0,0,0,1],"scale":1,"type":"tree_beech_bush_b"}
{"pos":[229.21225,-238.01033,43.3314171],"rotationMatrix":[0.328363389,-0.944551468,0,0.944551468,0.328363389,0,0,0,1],"scale":1,"type":"tree_beech_bush_b"}
{"pos":[-142.74292,370.745178,31.0000801],"rotationMatrix":[0.357821256,-0.933790088,0,0.933790088,0.357821256,0,0,0,1],"scale":1,"type":"tree_beech_bush_b"}
{"pos":[-141.19101,369.699066,31.0844955],"rotationMatrix":[0.761912763,-0.647679687,0,0.647679687,0.761912763,0,0,0,1],"scale":1,"type":"tree_beech_bush_b"}
{"pos":[-138.721207,367.640289,31.2859802],"rotationMatrix":[-0.551260471,0.834333241,0,-0.834333241,-0.551260471,0,0,0,1],"scale":1,"type":"tree_beech_bush_b"}
{"pos":[-137.134918,365.922424,31.3367577],"rotationMatrix":[-0.578559458,-0.815640211,0,0.815640211,-0.578559458,0,0,0,1],"scale":1,"type":"tree_beech_bush_b"}
{"pos":[-157.840118,375.431244,29.5792828],"rotationMatrix":[-0.720086336,0.693884492,0,-0.693884492,-0.720086336,0,0,0,1],"scale":1,"type":"tree_beech_bush_b"}
{"pos":[-174.744293,389.508667,28.028656],"rotationMatrix":[0.999673724,0.0255421679,0,-0.0255421679,0.999673724,0,0,0,1],"scale":1,"type":"tree_beech_bush_b"}
{"pos":[-168.490326,389.332275,28.2866783],"rotationMatrix":[0.988639593,0.150305524,0,-0.150305524,0.988639593,0,0,0,1],"scale":1,"type":"tree_beech_bush_b"}
{"pos":[-164.51767,387.305725,28.4003582],"rotationMatrix":[-0.853125811,-0.52170521,0,0.52170521,-0.853125811,0,0,0,1],"scale":1,"type":"tree_beech_bush_b"}
{"pos":[-177.835068,384.094452,27.6474361],"rotationMatrix":[-0.960187256,-0.279357195,0,0.279357195,-0.960187256,0,0,0,1],"scale":1,"type":"tree_beech_bush_b"}
{"pos":[-211.821274,393.85553,29.0965805],"rotationMatrix":[0.975462079,-0.220167503,0,0.220167503,0.975462079,0,0,0,1],"scale":1,"type":"tree_beech_bush_b"}
{"pos":[-120.604874,233.197632,26.304697],"rotationMatrix":[-0.679810286,-0.733388007,0,0.733388007,-0.679810286,0,0,0,1],"scale":1,"type":"tree_beech_bush_b"}
{"pos":[-104.542488,224.67981,25.3870239],"rotationMatrix":[-0.547001958,0.837131321,0,-0.837131321,-0.547001958,0,0,0,1],"scale":1,"type":"tree_beech_bush_b"}
{"pos":[-111.029884,217.651413,25.3469887],"rotationMatrix":[-0.949559748,0.313586235,0,-0.313586235,-0.949559748,0,0,0,1],"scale":1,"type":"tree_beech_bush_b"}
{"pos":[-111.694427,219.667725,25.4029751],"rotationMatrix":[0.37432003,-0.927299559,0,0.927299559,0.37432003,0,0,0,1],"scale":1,"type":"tree_beech_bush_b"}
{"pos":[244.87561,-233.605392,49.3764038],"rotationMatrix":[-0.0746432543,0.997210324,0,-0.997210324,-0.0746432543,0,0,0,1],"scale":1,"type":"tree_beech_bush_b"}
{"pos":[-388.286652,123.657272,29.3607826],"rotationMatrix":[0.913148284,-0.407627463,0,0.407627463,0.913148284,0,0,0,1],"scale":1,"type":"tree_beech_bush_b"}
{"pos":[-387.258636,134.475769,28.6242008],"rotationMatrix":[0.0932305679,0.995644569,0,-0.995644569,0.0932305679,0,0,0,1],"scale":1,"type":"tree_beech_bush_b"}
{"pos":[-387.292572,142.125961,27.9717255],"rotationMatrix":[-0.219773605,0.97555089,0,-0.97555089,-0.219773605,0,0,0,1],"scale":1,"type":"tree_beech_bush_b"}
{"pos":[-126.100822,239.881271,28.3229313],"rotationMatrix":[0.382156193,0.924097717,0,-0.924097717,0.382156193,0,0,0,1],"scale":1,"type":"tree_beech_bush_b"}
{"pos":[-215.389252,272.311066,25.0802975],"rotationMatrix":[-0.0513027161,-0.998683155,0,0.998683155,-0.0513027161,0,0,0,1],"scale":1,"type":"tree_beech_bush_b"}
{"pos":[35.8951721,498.30188,192.400116],"rotationMatrix":[0.938683391,0.344780385,0,-0.344780385,0.938683391,0,0,0,1],"scale":1,"type":"tree_beech_bush_b"}
{"pos":[30.6961823,498.901428,189.895416],"rotationMatrix":[0.629817843,-0.776742816,0,0.776742816,0.629817843,0,0,0,1],"scale":1,"type":"tree_beech_bush_b"}
{"pos":[32.2704277,497.239532,190.77272],"rotationMatrix":[-0.99849534,0.0548357815,0,-0.0548357815,-0.99849534,0,0,0,1],"scale":1,"type":"tree_beech_bush_b"}
{"pos":[35.7032852,493.316528,191.81926],"rotationMatrix":[-0.338760346,-0.940872669,0,0.940872669,-0.338760346,0,0,0,1],"scale":1,"type":"tree_beech_bush_b"}
{"pos":[324.850189,460.386261,166.139664],"rotationMatrix":[-0.883462548,-0.468501657,0,0.468501657,-0.883462548,0,0,0,1],"scale":1,"type":"tree_beech_bush_b"}
{"pos":[326.45993,456.386597,169.585938],"rotationMatrix":[0.959791243,-0.280714691,0,0.280714691,0.959791243,0,0,0,1],"scale":1,"type":"tree_beech_bush_b"}
{"pos":[327.007111,448.898682,172.15332],"rotationMatrix":[0.234451622,-0.972127795,0,0.972127795,0.234451622,0,0,0,1],"scale":1,"type":"tree_beech_bush_b"}
{"pos":[320.25885,466.701874,170.928314],"rotationMatrix":[0.322300404,0.946637511,0,-0.946637511,0.322300404,0,0,0,1],"scale":1,"type":"tree_beech_bush_b"}
{"pos":[328.770477,449.180573,172.919266],"rotationMatrix":[-0.993654907,0.112471603,0,-0.112471603,-0.993654907,0,0,0,1],"scale":1,"type":"tree_beech_bush_b"}
{"pos":[318.617096,463.674835,171.962158],"rotationMatrix":[0.959528565,0.281611502,0,-0.281611502,0.959528565,0,0,0,1],"scale":1,"type":"tree_beech_bush_b"}
{"pos":[326.177856,462.15802,164.922607],"rotationMatrix":[-0.786726117,0.61730206,0,-0.61730206,-0.786726117,0,0,0,1],"scale":1,"type":"tree_beech_bush_b"}
{"pos":[315.455994,471.627563,173.493469],"rotationMatrix":[-0.879979432,0.475011706,0,-0.475011706,-0.879979432,0,0,0,1],"scale":1,"type":"tree_beech_bush_b"}
{"pos":[312.066193,468.510468,173.486206],"rotationMatrix":[-0.910191894,-0.414186686,0,0.414186686,-0.910191894,0,0,0,1],"scale":1,"type":"tree_beech_bush_b"}
{"pos":[305.108307,480.752686,173.565247],"rotationMatrix":[0.993071914,0.117508389,0,-0.117508389,0.993071914,0,0,0,1],"scale":1,"type":"tree_beech_bush_b"}
{"pos":[305.739197,487.615326,173.601028],"rotationMatrix":[-0.616159141,-0.787621796,0,0.787621796,-0.616159141,0,0,0,1],"scale":1,"type":"tree_beech_bush_b"}
{"pos":[314.843597,475.810089,173.601929],"rotationMatrix":[-0.925618529,0.378457993,0,-0.378457993,-0.925618529,0,0,0,1],"scale":1,"type":"tree_beech_bush_b"}
{"pos":[323.03949,476.362457,173.585083],"rotationMatrix":[-0.324625105,0.945842743,0,-0.945842743,-0.324625105,0,0,0,1],"scale":1,"type":"tree_beech_bush_b"}
